work,workDescription,workLabel,coords,address,aliases,image,DRSImageURL,yearInstalled,yearRemoved,materials,categories,creators,neighborhoods,depicted,commemorated
http://www.wikidata.org/entity/Q108489871,2005 sculpture by Robert Shure in Boston,Donald McKay Monumental Bust,Point(-71.032140578 42.374140493),,Donald McKay Heroic Bust,,,2005,,bronze,sculpture,Robert Shure,East Boston,Donald McKay,
http://www.wikidata.org/entity/Q109272156,"2019 mural by Genaro ""GoFive"" Ortega",Sacred Journey,Point(-71.0611851 42.344122069),"90 Traveler St, Boston, MA 02118",,,,2019,,,mural,Genaro Ortega,South End,,
http://www.wikidata.org/entity/Q110088899,"2017 mural by Soraya ""Indie184"" Marquez",Untitled,Point(-71.0611851 42.344122069),"90 Traveler St, Boston, MA 02118",,,,2017,,,mural,Soraya Marquez,South End,,
http://www.wikidata.org/entity/Q116213339,2021 mural by Dragon76 in Boston,Protect,Point(-71.099734166 42.345423587),"51 Van Ness St, Boston, MA 02215, USA",,,,2021,,,mural,DRAGON76,Fenway–Kenmore,,
http://www.wikidata.org/entity/Q116310041,Mural at the Northeastern University campus in Boston,100 Years of Solitude,Point(-71.086677403 42.338522336),"Columbus Parking Garage Overpass, Boston, MA 02115",,,,2014,,,mural,Daniel Anguilu,Roxbury,,
http://www.wikidata.org/entity/Q107975665,2016 mural by Heidi Schork and Mayor's Mural Crew in Boston,Become a Big Sister,Point(-71.0776851 42.319308792),"156 Blue Hill Avenue, Boston, MA 02125",,,,2016,,paint,mural,Mayor's Mural Crew; Heidi Schork,Dorchester; Roxbury,,
http://www.wikidata.org/entity/Q109272117,"2020 mural by Rob ""Problak"" Gibbs and Genaro ""GoFive"" Ortega",Roxbury Love Story,Point(-71.082057477 42.334203917),"431 Melnea Cass Blvd, Boston, MA 02119",,,,2020,,,mural,Rob Gibbs; Genaro Ortega,Roxbury,Coretta Scott King; Martin Luther King Jr.,
http://www.wikidata.org/entity/Q117024772,Mural at the Latinx Student Cultural Center at Northeastern University,We Are All Streams Leading to the Same River,Point(-71.089684526 42.33832098),"104 Forsyth St. Boston, MA 02115",,,,2016,,,mural,Elaine Chu; Fredericko Alvarado; Suaro Luis Cervantes; Susan Cervantes,Fenway–Kenmore,,
http://www.wikidata.org/entity/Q108474255,1970 mural by Dan Hueng and Bob Uyeda in Boston,Untitled,Point(-71.06101 42.35145),"7072 Beach St, Boston, MA 02111",Mural,,,1970,,,mural,,Chinatown,junk,
http://www.wikidata.org/entity/Q116213324,2020 mural in Boston by Sophy Tuttle,Interconnected,Point(-71.125721063 42.363708031),"135 Western Ave, Allston, MA 02134",,,,2020,,,mural,Sophy Tuttle,Allston,,
http://www.wikidata.org/entity/Q25222767,memorial in Boston,Harriet Tubman Memorial,Point(-71.078122475 42.343340726),"450 Columbus Avenue, Boston, MA 02116",Step on Board,http://commons.wikimedia.org/wiki/Special:FilePath/Harriet%20Tubman%20Memorial%2C%20Boston%20%28front%2C%20uncropped%29.jpg,https://repository.library.northeastern.edu/downloads/neu:4f1855802?datastream_id=thumbnail_5,1999,,bronze,memorial; sculpture,Fern Cunningham,South End,Harriet Tubman,Harriet Tubman
http://www.wikidata.org/entity/Q111370917,2021 mural by Sabrina Dorsainvil in Boston,Sea Keepers,Point(-71.03412 42.36969),"135 Gove St, East Boston",,,,2021,,,mural,Sabrina Dorsainvil,East Boston,,
http://www.wikidata.org/entity/Q109272125,2021 mural by Ponnapa Prakkamakul and A-VOYCE youth from Asian Community Development Corporation,Where We Belong,Point(-71.060486 42.3524),"79 Essex St, Boston, MA 02111",,,,2021,,,mural,Ponnapa Prakkamakul,Chinatown,noodle; dragon,
http://www.wikidata.org/entity/Q110307556,"2017 mural in Dorchester, Boston by Heidi Schork",Flowers at Lopez Florist,Point(-71.0551 42.2843),"742 Adams Street, Dorchester, Boston, MA",,,,2017,,,mural,Heidi Schork,Dorchester,,
http://www.wikidata.org/entity/Q107466783,1977 mosaic by Lilli Ann Killen Rosenberg,Ramon Betances Mural,Point(-71.073480426 42.341654231),"100 W Dedham Street, Boston, MA 02118",Betances Mural,,,1977,,ceramic tile,mosaic,Lilli Ann Killen Rosenberg,South End,Ramón Emeterio Betances,Ramón Emeterio Betances
http://www.wikidata.org/entity/Q116177253,"2018 mural by Heidi Schork and the Mayor's Mural Crew in Jamaica Plain, Massachusetts",Don't Forget to Smile - Gentle Dental,Point(-71.113926972 42.314222529),"612 Centre St, Jamaica Plain, MA 02130",,,,2018,,,mural,Mayor's Mural Crew; Heidi Schork,Jamaica Plain,,
http://www.wikidata.org/entity/Q107975704,"2020 mural by David ""Don Rimx"" Sepulveda in Boston",Sangre Indígena,Point(-71.088586883 42.3315579),"75 Malcolm X Boulevard, Boston, MA 02120",,,,2020,,paint,mural,David Sepulveda,Roxbury,,
http://www.wikidata.org/entity/Q74243557,"Paifang in Boston, Massachusetts, U.S.",China Trade Gate,Point(-71.059722222 42.351111111),,"China Gates, Chinatown Gate",http://commons.wikimedia.org/wiki/Special:FilePath/Boston%20Chinatown%20gate%20front%2002.jpg,,1988 or 1982,,ceramic,sculpture; paifang,,Chinatown,,
http://www.wikidata.org/entity/Q115702847,2021 mural by Josie Morway,Save Our Space,Point(-71.038944 42.367205),"10, Orleans Street, Boston, MA, USA",,,,2021,,,mural,Josie Morway,East Boston,,
http://www.wikidata.org/entity/Q107466767,1990 sculpture by Gene Cauthen,Fountain Group (Worcester Square Sculpture),Point(-71.074736049 42.336712195),"1P Worcester Square, Boston, MA 02118",Worcester Square Group,,,1990 or 1989,,granite; bronze,sculpture,Gene Cauthen,South End,,
http://www.wikidata.org/entity/Q110996615,2016 mural by Cedric Douglas,A World of Innocent Discovery,Point(-71.091216554 42.336763271),"30 Leon St., Boston, MA 02115",,,,2016,,,mural,Cedric Douglas,Roxbury,,
http://www.wikidata.org/entity/Q107689875,2005 ornamental fence by Ben Tau in Boston,Unity Fence,Point(-71.087604948 42.312615529),"Crawford St, Boston, MA 02121",,,,2005,,steel,fence,Ben Tau,Roxbury,,
http://www.wikidata.org/entity/Q107975691,"2019 mural by Genaro ""GoFive"" Ortega in Boston",Mel King,Point(-71.091580222 42.331660934),"75 Malcolm X Boulevard, Boston, MA 02120",,,,2019,,paint,mural,Genaro Ortega,Roxbury,Mel King; Cardinalidae,
http://www.wikidata.org/entity/Q110088879,2018 mural by Lena McCarthy,Untitled,Point(-71.098294661 42.333122444),"40 Smith Street,  Roxbury, MA 02120",,,,2018,,,mural,Lena McCarthy,Roxbury,,
http://www.wikidata.org/entity/Q107689880,2002 sculpture by Valerie Maynard and Reginald L. Jackson in Boston,Airfoil,Point(-71.079972222 42.335083333),"1917 Washington St. Boston, MA 02118",Captain David Ramsay Memorial,,https://repository.library.northeastern.edu/downloads/neu:4f1859174?datastream_id=thumbnail_5,2002,,granite,sculpture,Reginald L. Jackson; Valerie Maynard,Roxbury,,
http://www.wikidata.org/entity/Q113995734,2021 mural by Sophy Tuttle,Fear,Point(-71.042555244 42.372174178),"60 Border St, Boston, MA 02128, USA",,,,2021,,,mural,Sophy Tuttle,East Boston,shark,
http://www.wikidata.org/entity/Q109272097,1873 monument in Boston,Charles Russell Lowell Post 7 Grand Army of the Republic Civil War Monument,Point(-71.106944 42.28),,Grand Army of the Republic Monument,,https://repository.library.northeastern.edu/downloads/neu:4f184k48m?datastream_id=thumbnail_5,1973 or 1873,,granite; bronze,monument,,Mattapan,,
http://www.wikidata.org/entity/Q107466769,2003 mural by Heidi Schork and Mayor's Mural Crew in Boston,Frederick Douglass,Point(-71.08375 42.337186),"958 Tremont Street, Boston, MA 02120",Frederick Douglass Square Mural,,https://repository.library.northeastern.edu/downloads/neu:4f1859505?datastream_id=thumbnail_5,2003,,acrylic paint,mural,Mayor's Mural Crew; Heidi Schork,South End,Frederick Douglass,
http://www.wikidata.org/entity/Q107689888,1989 sculpture by Vusumuzi Maduna (a.k.a. Dennis Didley) in Boston,The Judge,Point(-71.083574455 42.327484728),"85 Warren St, Roxbury, MA 02119",,,,1990 or 1989,,paint; steel,sculpture,Vusumuzi Maduna,Roxbury,,
http://www.wikidata.org/entity/Q115742882,Historic marker at the Lemuel Clapp House,Lemuel Clapp House plaque,Point(-71.060556 42.323056),"199 Boston St, Boston, MA 02125",,,https://repository.library.northeastern.edu/downloads/neu:4f185m790?datastream_id=thumbnail_5,,,,commemorative plaque,,Dorchester,,
http://www.wikidata.org/entity/Q110088862,"2018 mural by Caleb Neelon and Sneha ""IMAGINE"" Shrestha",Untitled,Point(-71.09790618 42.333182089),"40 Smith Street,  Roxbury, MA 02120",,,,2018,,,mural,Sneha Shrestha; Caleb Neelon,Roxbury,,
http://www.wikidata.org/entity/Q107689879,2005 sculpture by Robert Shure in Boston,In Tribute to Boston Police Officers,Point(-71.090107395 42.334893187),"1 Schroeder Plaza, Boston, MA 02120",Boston Police Memorial,,https://repository.library.northeastern.edu/downloads/neu:4f185b82n?datastream_id=thumbnail_5,2005,,granite,sculpture,Robert Shure,Roxbury,,
http://www.wikidata.org/entity/Q107466763,1920 plaque by Frederick W. Allen,Abraham Shuman Tablet,Point(-71.073881046 42.33574257),"818 Harrison Avenue, Boston, MA 02118",,,,1920,,bronze,commemorative plaque,Frederick Warren Allen,South End,,
http://www.wikidata.org/entity/Q116236874,2017 mural by Nate Swain at Northeastern University's Boston campus,Northeastern Hidden Worlds,Point(-71.0937028 42.3393973),"Fencourt Rd. Boston, MA 02115",,,,2017,,,mural,Nate Swain,Fenway–Kenmore,,
http://www.wikidata.org/entity/Q107689874,2010 fence by Matthew Hincman in Boston,Ellis Mendell Elementary School Gateway Fence,Point(-71.10164503 42.316752277),"164 School Street, Jamaica Plain, MA 02130",,,https://repository.library.northeastern.edu/downloads/neu:4f185h24s?datastream_id=thumbnail_5,2010,,,fence,Matthew Hinçman,Roxbury,,
http://www.wikidata.org/entity/Q107466768,1976 mural by Arnold Hurley and Gary Rickson,Frederick Douglass,Point(-71.084518 42.336865),"1002 Tremont Street, Boston, MA 02120",,,,1976,1987,paint,mural,Gary Rickson; Arnold Hurley,South End; Roxbury,Frederick Douglass,
http://www.wikidata.org/entity/Q110088820,2009 mural by Alex Cook,Love Forest,Point(-71.08264728 42.33744489),"136 Lenox St, Boston, MA 02118",,,,2009,,,mural,Alex Cook,Roxbury,,
http://www.wikidata.org/entity/Q107466793,1966 sculpture by Alfred Duca,Untitled,Point(-71.068231261 42.346467299),"450 Tremont Street, Boston, MA 02116",,,https://repository.library.northeastern.edu/downloads/neu:4f184n235?datastream_id=thumbnail_5,1966,,bronze,sculpture,Alfred Milton Duca,South End,,
http://www.wikidata.org/entity/Q107466786,"historical marker in South End, Boston, Massachusetts, United States",South End Burying Ground historical marker,Point(-71.073731787 42.33800341),"1620 Washington St, Boston, MA 02118",,,https://repository.library.northeastern.edu/downloads/neu:4f185m84v?datastream_id=thumbnail_5,,,,commemorative plaque,,South End,,
http://www.wikidata.org/entity/Q110088903,2019 mural by Dana Woulfe,Untitled,Point(-71.0611851 42.344122069),"90 Traveler St, Boston, MA 02118",,,,2019,,,mural,Dana Woulfe,South End,,
http://www.wikidata.org/entity/Q107551906,1993 sculpture by Robert Shure,Cy Young,Point(-71.088862 42.339015),,,http://commons.wikimedia.org/wiki/Special:FilePath/CyYoung.JPG,,1993,,bronze,sculpture,Robert Shure,Fenway–Kenmore; Boston,Cy Young,
http://www.wikidata.org/entity/Q116004447,"2019 mural by Rixy Fernandez in Dorchester, Massachusetts",In Our Home,Point(-71.060408439 42.300018778),"1487 Dorchester Ave, Dorchester, MA 02122",,,,2019,,,mural,Rixy Fernandez,Dorchester,,
http://www.wikidata.org/entity/Q108475938,1998 mural by Mayor's Mural Crew and Jon Tran in Boston,Stop Smoking,Point(-71.061002597 42.3510069),,"Anti-Smoking, South Cove Community Health Center Tobacco Control Mural Health Project",,,1998,,acrylic paint,mural,Mayor's Mural Crew,Chinatown,,
http://www.wikidata.org/entity/Q115059310,2016 painted electrical box by Maddu Huacuja in Boston,"Michelle Obama, FLOTUS",Point(-71.084944444 42.305472222),,,,https://repository.library.northeastern.edu/downloads/neu:4f186247k?datastream_id=thumbnail_5,2016,,,pattress; work of art,Maddu Huacuja,Roxbury,Michelle Obama,
http://www.wikidata.org/entity/Q107466784,"2017 mural by Genaro ""GoFive"" Ortega",Reflect the Times,Point(-71.067696834 42.343086133),"230 Shawmut Avenue, Boston, MA 02118",Peters Park Art Wall,,,2017,2019,paint,mural,Genaro Ortega,South End,,
http://www.wikidata.org/entity/Q109272163,2019 mural by Bryan Beyung,Tale of an Ancient Vase,Point(-71.060908181 42.350781402),"25 Tyler St, Boston, MA 02111",,,,2019,,,mural,Bryan Beyung,Chinatown,,
http://www.wikidata.org/entity/Q110996721,2017 mural by Heidi Schork and Mayor's Mural Crew,To Immigrants with Love: Roslindale,Point(-71.119039518 42.28018263),"591 Hyde Park Ave, Roslindale, MA 02131",,,https://repository.library.northeastern.edu/downloads/neu:4f186219d?datastream_id=thumbnail_5,2017,,,mural,Lauren Duane; Mayor's Mural Crew; Heidi Schork,Roslindale,,
http://www.wikidata.org/entity/Q108170233,1988 mural by James Reed in Boston,Drum Major for Justice,Point(-71.083364759 42.318935372),"280 M.L.K. Jr Blvd, Roxbury, MA 02119",,,,1988,,,mural,,Roxbury,,
http://www.wikidata.org/entity/Q113996860,2021 mural by It's A Living,Protect What You Love,Point(-71.040576644 42.375312443),"216 Border St, Boston, MA 02128",,,,2021,,,mural,Ricardo Gonzalez,East Boston,,
http://www.wikidata.org/entity/Q118105014,2015 mural by Jef Aérosol at Northeastern University's Boston campus,Taking A Leap,Point(-71.091791052 42.339005502),"Cargill Hall, 45 Forsyth St, Boston, MA 02115",,,,2015,,aerosol paint,mural,Jef Aérosol,Fenway–Kenmore,,
http://www.wikidata.org/entity/Q110088818,1971 mural by Gary Rickson,Beautiful People Coming Together is Truth,Point(-71.087522263 42.316007817),"135 Humboldt Ave, Boston, MA 02121",,,,1971,,,mural,Gary Rickson,Roxbury,,
http://www.wikidata.org/entity/Q117466354,2018 mural by Astro for Northeastern University,Untitled,Point(-71.0935883 42.3390345),"452 Huntington Ave. Boston, MA 01225",,,,2018,,acrylic paint,mural,Astro,Fenway–Kenmore,,
http://www.wikidata.org/entity/Q109272176,2017 mural by Heidi Schork and Mayor's Mural Crew,To Immigrants with Love: Grandmothers,Point(-71.03963069 42.368857509),,,,,2017,,,mural,Lauren Duane; Mayor's Mural Crew; Heidi Schork,East Boston,,
http://www.wikidata.org/entity/Q116177263,"2017 mural by Heidi Schork and the Mayor's Mural Crew in Jamaica Plain, Massachusetts",Butterflies and Plants,Point(-71.111053895 42.321372467),"413 Centre St, Jamaica Plain, MA 02130",,,,2017,,,mural,Mayor's Mural Crew; Heidi Schork,Jamaica Plain,,
http://www.wikidata.org/entity/Q107466781,"2005 plaque in South End, Boston",Puerto Rican Veterans Square,Point(-71.071236094 42.340758215),"1440 Washington Street, Boston, MA 02118",,,,2005,,bronze,commemorative plaque,,South End,,
http://www.wikidata.org/entity/Q107975680,1995 mural by Mayor's Mural Crew and Heidi Schork in Boston,Egyptian Murals,Point(-71.082532708 42.316873799),"416 Warren Street, Roxbury, MA 02119",,,,1995,,acrylic paint,mural,Mayor's Mural Crew; Heidi Schork,Roxbury,,
http://www.wikidata.org/entity/Q107975689,historic marker in Boston,Malcolm X and Ella Little-Collins House,Point(-71.086294 42.321477),"72 Dale Street, Boston, MA 02119",,,,,,,commemorative plaque,,Roxbury,,
http://www.wikidata.org/entity/Q109272119,2018 community initiative by Ekua Holmes,Roxbury Sunflower Project,Point(-71.083756315 42.311030752),"5 Crawford Street, Dorchester MA, 02121",,,,2018,,plant,environmental artwork,Ekua Holmes,Roxbury,,
http://www.wikidata.org/entity/Q117478042,1997 sculpture by Leonardo Niermann at Northeastern University's Boston campus,Bird in Flight,Point(-71.08755715 42.33890747),"360 Huntington Ave, Boston, MA 02115",,,,1997,,stainless steel,sculpture,Leonardo Nierman,Fenway–Kenmore,,
http://www.wikidata.org/entity/Q117035018,"2000 mural by Jon Tran and the Mayor's Mural Crew in Dorchester, Massachusetts",Little Saigon / Viet Dorchester,Point(-71.060030864 42.302148138),"200 Adams St, Boston, MA 02122",,,,2000,,,mural,Mayor's Mural Crew,Dorchester,,
http://www.wikidata.org/entity/Q107975688,sculpture in Boston,Korey Grant and Charles Copney Memorial,Point(-71.091827536 42.330378851),"221 Roxbury Street, Boston, MA 02119",Copney/Grant Memorial,,,,,,sculpture,,Roxbury,,
http://www.wikidata.org/entity/Q115749777,"Mosaics at the Ryan Playground in Dorchester, Massachusetts",Ryan Playground mosaics,Point(-71.056389 42.317778),"960 Dorchester Ave, Boston, MA 02125",,,https://repository.library.northeastern.edu/downloads/neu:4f1859972?datastream_id=thumbnail_5,,,,mosaic,,Dorchester,,
http://www.wikidata.org/entity/Q112195403,1997 mural by Mike Womble and Mayor's Mural Crew in Boston,Reversed the Curse,Point(-71.125667 42.288528),"4140 Washington Street, Roslindale, MA 02131",Red Sox Champions,,https://repository.library.northeastern.edu/downloads/neu:4f185b42p?datastream_id=thumbnail_5,2006,,,mural,Gregg Bernstein; Mayor's Mural Crew,Roslindale,,
http://www.wikidata.org/entity/Q110996778,2001 mural by Jameel Parker,Marcus Garvey mural,Point(-71.088002415 42.330378468),"116 Malcolm X Blvd, Boston, MA 02119",,,,2001,,,mural,Jameel Parker,Roxbury,Marcus Garvey,
http://www.wikidata.org/entity/Q109272173,2017 mural by Heidi Schork and Mayor's Mural Crew,To Immigrants with Love: East Boston,Point(-71.038672228 42.37161008),"55 Meridian St, Boston, MA 02128",,,,2017,,,mural,Lauren Duane; Mayor's Mural Crew; Heidi Schork,East Boston,,
http://www.wikidata.org/entity/Q108475946,historic marker in Boston,Phillis Wheatley Landing Site,Point(-71.06060887 42.35124725),"55 Beach St, Boston, MA 02111",,,,,,,commemorative plaque,,Chinatown,,Phillis Wheatley
http://www.wikidata.org/entity/Q107689873,2008 fence by John Tagiuri in Boston,Egleston Square Library Art Fence,Point(-71.095707459 42.314323286),"2044 Columbus Avenue, Boston, MA 02119",,,,2008,,iron,fence,John Tagiuri,Roxbury,,
http://www.wikidata.org/entity/Q109272117,"2020 mural by Rob ""Problak"" Gibbs and Genaro ""GoFive"" Ortega",Roxbury Love Story,Point(-71.082057477 42.334203917),"674 Shawmut Ave, Boston, MA 02119",,,,2020,,,mural,Rob Gibbs; Genaro Ortega,Roxbury,Coretta Scott King; Martin Luther King Jr.,
http://www.wikidata.org/entity/Q108047045,2007 mural by ALA Collective in Boston,Soul Revival,Point(-71.0673302 42.343243454),"230 Shawmut Ave, Boston, MA 02118",,,,2007,2017,,mural,Odesy; Bamboo2; African Latino Alliance; Ricardo Gomez; Victor Quiñonez; Rob Gibbs,South End,,Hurricane Katrina
http://www.wikidata.org/entity/Q107975699,2002 tablets by Reginald Jackson and Valerie Maynard in Boston,Ramsay Park Memorial tablets,Point(-71.079972222 42.335083333),"1917 Washington Street Boston, MA 02118",,,https://repository.library.northeastern.edu/downloads/neu:4f185933h?datastream_id=thumbnail_5,2002,,black granite; concrete,commemorative plaque,Reginald L. Jackson; Valerie Maynard,Roxbury,,
http://www.wikidata.org/entity/Q110996766,"2003 mural by Rob ""Problak"" Gibbs, Rath, Kwest, Marka27, Deme5, Clark, Wys and others",Jazz mural,Point(-71.097962628 42.329126524),"94 Terrace St, Boston, MA 02120",,,,2003,,,mural,Thomas Burns; Ricardo Gomez; Victor Quiñonez; Rob Gibbs,Roxbury,Kenny Burrell,
http://www.wikidata.org/entity/Q109077249,plaque in Boston's Chinatown,Bust of William Shakespeare,Point(-71.062332333 42.3515708),"15 Beach Street, Boston MA 02111",,,,,,cast iron,commemorative plaque,,Chinatown,William Shakespeare,
http://www.wikidata.org/entity/Q112583529,"commemorative plaque in Codman Square Park, Boston, Massachusetts",Codman Square plaque,Point(-71.071389 42.290278),"360 Talbot Ave, Boston, MA 02124",,,https://repository.library.northeastern.edu/downloads/neu:4f184n171?datastream_id=thumbnail_5,1910,,,commemorative plaque,,Dorchester,,
http://www.wikidata.org/entity/Q118099497,2015 mural by Jef Aérosol at Northeastern University's Boston campus,I Love Boston,Point(-71.084935915 42.34053023),"B Gainsborough St, Boston, MA 02205",,,,2015,,aerosol paint,mural,Jef Aérosol,Fenway–Kenmore,,
http://www.wikidata.org/entity/Q117192633,1993 mural by Wyland,First Breath,Point(-71.062919 42.344226),,,,,1993,,latex paint,mural,Robert Wyland,Suffolk County,,
http://www.wikidata.org/entity/Q107466775,"ornamental fencing in South End, Boston",James Hayes Park Fence,Point(-71.075697617 42.343838745),"158 Warren Avenue, Boston, MA 02116",,,,,,,fence,,South End,,
http://www.wikidata.org/entity/Q113997304,2003 mural by Boston Youth Fund Mural Crew and Gregg Bernstein,Tribute To Boston Symphony Orchestra II,Point(-71.086443827 42.343309255),"8 Westland Ave, Boston, MA 02115",,,,2003,,,mural,Gregg Bernstein; Mayor's Mural Crew,Fenway–Kenmore,Boston Symphony Orchestra,
http://www.wikidata.org/entity/Q108475944,statue in Boston,Confucius,Point(-71.061419177 42.348783008),"87 Tyler St, Boston, MA 02111",,,,1984,,bronze,statue,,Chinatown,Confucius,
http://www.wikidata.org/entity/Q107975708,historic marker in Boston,Spooner-Lambert House,Point(-71.089658 42.328971),"64 Bartlett Street, Boston, MA 02119",,,,,,,commemorative plaque,,Roxbury,,
http://www.wikidata.org/entity/Q116309858,2015 mural by El Mac at the Northeastern University campus in Boston,Ars et Scientia,Point(-71.090875205 42.337481025),"35 Leon St. Boston, MA 02115",,,,2015,,,mural,El Mac,Fenway–Kenmore,,
http://www.wikidata.org/entity/Q108489883,1982 sculpture by William Wainwright in Boston,Windwheels,Point(-71.024840808 42.379234629),"Frankfort St & Neptune Rd, Boston, MA 02128",WindWheels,,,1982,,diffraction grating; stainless steel,sculpture,William Wainwright,East Boston,,
http://www.wikidata.org/entity/Q109272113,2021 mural by Paul Goodnight and Larry Pierce in Boston,No Strings Detached,Point(-71.080355278 42.312650292),"345 Blue Hill Avenue, Boston, MA 02121",,,,2021,,,mural,Paul Goodnight,Roxbury,,
http://www.wikidata.org/entity/Q110088822,2016 mosaic mural by Christos Hamawi,Community Fabric,Point(-71.064491855 42.348352314),"885 Washington St, Boston, MA 02111",,,,2016,,glass tile,mosaic,Christos Hamawi,Chinatown,,
http://www.wikidata.org/entity/Q115562905,Mural of the four seasons painted at a school in Boston,Four Seasons,Point(-71.081389 42.291389),"155 Talbot Avenue, Boston, MA 02124",The Joseph Lee School Mural,,https://repository.library.northeastern.edu/downloads/neu:4f185960d?datastream_id=thumbnail_5,,,,mural,,Dorchester,,
http://www.wikidata.org/entity/Q109272171,2017 mural by Thy Doan,Nevertheless,Point(-71.061185111 42.344122083),"90 Traveler St, Boston, MA 02118",,,,2017,,,mural,Thy Doan,South End,,
http://www.wikidata.org/entity/Q111421292,community art project by Nick Cave in Dorchester,Augment,Point(-71.06556 42.31625),"555 Columbia Road, Dorchester, MA",,,,2019,,,work of art,Nick Cave,Dorchester,,
http://www.wikidata.org/entity/Q107975714,2001 mural by White Street Ground Graphics in Boston,Whittier Street Development,Point(-71.088752751 42.334432789),"1158 Tremont Street, Boston, MA 02120",,,,2001,,acrylic paint,mural,,Roxbury,,
http://www.wikidata.org/entity/Q115659424,"Painted electrical in Roxbury, Massachusetts",Prince: In Memoriam,Point(-71.085 42.305),"Seaver St & Blue Hill Avenue, Boston, MA 02121",,,https://repository.library.northeastern.edu/downloads/neu:4f186437r?datastream_id=thumbnail_5,2016,,,pattress,Maddu Huacuja,Roxbury,,
http://www.wikidata.org/entity/Q115749763,An ornamental gateway to the Ryan Playground in Dorchester,Ryan Playground gateway,Point(-71.056667 42.3175),"960 Dorchester Avenue, Boston, MA 02125",,,https://repository.library.northeastern.edu/downloads/neu:4f185b02q?datastream_id=thumbnail_5,,,,work of art; gate,,Dorchester,,
http://www.wikidata.org/entity/Q107975670,2000 mural by Mayor's Mural Crew and Gregg Bernstein in Boston,Boston Building Resource Center,Point(-71.097597812 42.328968523),"100 Terrace Street, Boston, MA 02120",,,,2000,,acrylic paint,mural,Gregg Bernstein; Mayor's Mural Crew,Roxbury,,
http://www.wikidata.org/entity/Q107466766,2000 mural by B.Y.F. Mural Crew,Cooper Community Center,Point(-71.079401577 42.335145042),"1891 Washington St., Boston, MA 02118",,,https://repository.library.northeastern.edu/downloads/neu:4f1857201?datastream_id=thumbnail_5,2000,,acrylic paint,mural,Mayor's Mural Crew; John Ewing,South End,,
http://www.wikidata.org/entity/Q109742550,"2018 mural by Victor ""Marka27"" Quinonez, one of a series of murals in the Grove Hall neighborhood of Boston",Love Thyself,Point(-71.075084773 42.312905631),"199 Quincy Street, Dorchester, Boston, MA",,,,,,paint,mural,Victor Quiñonez,Dorchester,,
http://www.wikidata.org/entity/Q112225088,1995 mural by members of the BYCC Red Shirts,Please Do Not Tag This Mural,Point(-71.09 42.289167),"1033 Blue Hill Avenue, Boston, MA 02124",,,https://repository.library.northeastern.edu/downloads/neu:4f186188m?datastream_id=thumbnail_5,1995,,,mural,Mayor's Mural Crew,Dorchester,,
http://www.wikidata.org/entity/Q109272104,2010 sculpture by Laura Baring Gould,Dorchester Voices,Point(-71.061389 42.320278),,Dorchester History,,https://repository.library.northeastern.edu/downloads/neu:4f185g05c?datastream_id=thumbnail_5,2010,,,sculpture,Laura Baring-Gould,Dorchester,pear,
http://www.wikidata.org/entity/Q118117279,1985 gate by Wen-Ti Tsen,Berkeley Garden Arbor,Point(-71.067339636 42.344260158),"500 Tremont Street, Boston, MA 02118",,,,1985,,,gate,Wen-ti Tsen,South End,,
http://www.wikidata.org/entity/Q107975706,1882 sculpture by Daniel Chester French in Boston,Science Controlling the Forces of Steam and Electricity,Point(-71.091599744 42.307539167),"1 Franklin Park Road, Boston, MA 02121",Steam and Electricity Controlled by Science,,,1882,,marble,sculpture,Daniel Chester French,Roxbury,,
http://www.wikidata.org/entity/Q107689872,1985 fence by Russell Berndt in Boston,Roxbury Friendship Fence,Point(-71.075316889 42.325348094),"409 Dudley St Boston, MA 02119",,,,1985,,steel,fence,,Roxbury,,
http://www.wikidata.org/entity/Q115756343,"Historic marker at the Westerly Burying Ground in West Roxbury, Massachusetts",Westerly Burying Ground Plaque,Point(-71.158056 42.281111),"2015 Centre St, Boston, MA 02132",Westerly Burying Ground plaque,,https://repository.library.northeastern.edu/downloads/neu:4f1864445?datastream_id=thumbnail_5,,,,commemorative plaque,,West Roxbury,,
http://www.wikidata.org/entity/Q116004496,"2018 mural by Alvin ""Acóma"" Colón in Dorchester, Massachusetts",Upham's Corner,Point(-71.06538615 42.316114272),"559 Columbia Rd, Dorchester, MA 02125",,,,2018,,,mural,"Alvin ""Acóma"" Colón",Dorchester,,
http://www.wikidata.org/entity/Q107689889,2005 sculpture by Vusumuzi Maduna and Obie Simonis in Boston,The Word,Point(-71.083425651 42.328110682),"65 Warren St, Roxbury, MA 02119",,,https://repository.library.northeastern.edu/downloads/neu:4f185b269?datastream_id=thumbnail_5,2005,,,sculpture,Vusumuzi Maduna; Obie Simonis,Roxbury,,
http://www.wikidata.org/entity/Q108475940,1997 mural by Mayor's Mural Crew and Mike Womble in Boston,Legend of 100 Children,Point(-71.061524641 42.348317356),"106 Tyler St, Boston, MA 02111",Tale of 100 Children,,,1997,,acrylic paint,mural,Mike Womble; Mayor's Mural Crew,Chinatown,,
http://www.wikidata.org/entity/Q110088928,"2016 mural by Rob ""Problak"" Gibbs, Genaro ""GoFive"" Ortega, James ""Ras Terms"" Monk, and Sneha ""IMAGINE"" Shrestha in Boston",Untitled,Point(-71.088779804 42.332292751),"75 Malcolm X Boulevard, Boston, MA 02120",,,,2016,,,mural,James Monk; Rob Gibbs; Genaro Ortega; Sneha Shrestha,Roxbury,,
http://www.wikidata.org/entity/Q107975711,2014 mural by Caleb Neelon and Katie Yamasaki in Boston,The Work Begins,Point(-71.098536667 42.332841919),"40 Smith Street, Roxbury, MA 02120",,,,2014,,,mural,Katie Yamasaki; Caleb Neelon,Roxbury,,
http://www.wikidata.org/entity/Q108037377,"2002 mural by Timmy ""Zone"" Allen, Thomas ""Kwest"" Burns, Ricardo ""Deme5"" Gomez, Victor ""Marka27"" Quiñonez, and Rob ""Problak"" Gibbs in Boston",From the Pyramids to the Projects,Point(-71.067361155 42.343208305),"230 Shawmut Ave, Boston, MA 02118",,,,2002,,,mural,African Latino Alliance; Timmy Allen; Thomas Burns; Ricardo Gomez; Victor Quiñonez; Rob Gibbs,South End,,
http://www.wikidata.org/entity/Q109272129,2020 mural by Josie Morway,Fight the Rise,Point(-71.033482682 42.364387744),"256 Marginal St, East Boston, MA 02128",,,,2020,,,mural,Josie Morway,East Boston,Sternidae,
http://www.wikidata.org/entity/Q108489874,1922 monument in Boston,Frederick J. Carey Memorial,Point(-71.03187547 42.3774363),"Paris Street and Bennington Street, East Boston, MA",,,,1922,,granite; bronze,monument,,East Boston,,
http://www.wikidata.org/entity/Q107975715,1922 plaque by T. F. McGann in Boston,William E. Carter Memorial,Point(-71.085819828 42.338190001),"709 Columbus Avenue, Boston, MA 02120",,,,1922,,bronze,commemorative plaque,,Roxbury,,
http://www.wikidata.org/entity/Q108170229,1969 mural by Gary Rickson in Boston,Africa is the Beginning,Point(-71.0827576 42.317450164),285 M.L.K. Jr Blvd,,,,1969,,,mural,Gary Rickson,Roxbury,,
http://www.wikidata.org/entity/Q74465048,"Statue in Boston, Massachusetts, U.S.",Statue of Edward Everett,Point(-71.060388888 42.319833333),"735 Columbia Rd, Dorchester, MA 02125",,http://commons.wikimedia.org/wiki/Special:FilePath/Dorchester%2CMassachusetts%2CUSA.%20-%20panoramio%20%284%29.jpg,https://repository.library.northeastern.edu/downloads/neu:4f184b42h?datastream_id=thumbnail_5,1867,,bronze,sculpture,William Wetmore Story,Dorchester,Edward Everett,
http://www.wikidata.org/entity/Q110996791,2016 mural by Heidi Schork and Mayor's Mural Crew,Roxbury Center for the Performing Arts,Point(-71.090038682 42.289225621),"1033 Blue Hill Avenue, Boston, MA 02124",,,https://repository.library.northeastern.edu/downloads/neu:4f185260z?datastream_id=thumbnail_5,2016,,,mural,Mayor's Mural Crew; Heidi Schork,Dorchester,,
http://www.wikidata.org/entity/Q108475945,plaque in Boston,Liberty Tree Plaque,Point(-71.06229 42.35227),"630 Washington St Boston, MA 02111",,,,,,bronze,commemorative plaque,,Chinatown,,
http://www.wikidata.org/entity/Q108475935,1989 plaque by A. Monti Granite Company in Boston,Tiananmen Memorial,Point(-71.0596 42.351),"6 Hudson St, Boston, MA 02111",,,,1989,,granite,commemorative plaque,,Chinatown,,
http://www.wikidata.org/entity/Q107689884,1975 sculpture by Robert Amory in Boston,Helion,Point(-71.084121671 42.332346408),"100 Summer St, Boston, MA 02110",Lollipop Tree,,,1975,,polyethylene; aluminium,sculpture,Robert Amory,Roxbury,,
http://www.wikidata.org/entity/Q25247978,"bronze statue located in Harriet Tubman Park in South End, Boston, Massachusetts by Meta Vaux Warrick Fuller",Emancipation,Point(-71.077842665 42.343453492),"450 Columbus Avenue, Boston, MA 02116",,,,1913,,bronze,sculpture,Meta Vaux Warrick Fuller,South End,,
http://www.wikidata.org/entity/Q116004346,"2019 mural by Heidi Schork in Dorchester, Massachusetts",Bird and Butterfly,Point(-71.065327966 42.292272532),"162-166 Centre St, Boston, MA 02124",,,,2019,,,mural,Mayor's Mural Crew; Heidi Schork,Dorchester,,
http://www.wikidata.org/entity/Q118100670,2015 mural by Jef Aérosol at Northeastern University's Boston campus,Teenager,Point(-71.091248875 42.338903397),"22-32 Hallenborg Way, Boston, MA 02115",,,,2015,,aerosol paint,mural; street art,Jef Aérosol,Fenway–Kenmore,,
http://www.wikidata.org/entity/Q110088821,2015 mosaic mural by Christos Hamawi,Patterns of Diversity,Point(-71.064472222 42.34825),"5 Oak St, Boston, MA 02111",,,,2015,,,mosaic,Christos Hamawi,Chinatown,,
http://www.wikidata.org/entity/Q109272167,2017 mural by Percy Fortini-Wright,Holy Mackerel,Point(-71.061185101 42.344122065),"90 Traveler St, Boston, MA 02118",,,,2017,,,mural,Percy Fortini-Wright,South End,,
http://www.wikidata.org/entity/Q109742486,2012 mural depicting several prominent black inventors by Thomas Burns of the Mayor's Mural Crew,Black Inventors,Point(-71.081069635 42.30920837),"460 Blue Hill Avenue, Dorchester, Boston, MA",,,,2012,,paint,mural,Thomas Burns,Dorchester,Patricia Bath; Granville Woods; Elijah McCoy; Garrett Morgan; Charles Richard Drew; Lewis Howard Latimer; Madam C. J. Walker; Valerie Thomas,
http://www.wikidata.org/entity/Q110088819,2011 sculpture by Ralph Helmick,Constant,Point(-71.158055555 42.283333333),"20 Mount Vernon St, Boston, MA 02108",,,https://repository.library.northeastern.edu/downloads/neu:4f185h27m?datastream_id=thumbnail_5,2011,,,sculpture,Ralph Helmick,West Roxbury,Albert Einstein,
http://www.wikidata.org/entity/Q108655183,sculpture by J. Meejin Yoon in Boston,Crisscross Signal Spire,Point(-71.083436026 42.329895597),"15 Warren St, Boston, MA 02119",,,,,,stainless steel; light-emitting diode,sculpture,Meejin Yoon,Roxbury,,
http://www.wikidata.org/entity/Q118150029,historic marker in Boston,Temple Ohabei Shalom Cemetery,Point(-71.014501922 42.382703935),"147 Wordsworth St, Boston, MA 02128",,,,,,,commemorative plaque,,East Boston,,
http://www.wikidata.org/entity/Q115620461,Sculpture at Mount Hope Cemetery in Boston,In Peace and Honor,Point(-71.106944 42.285833),"355 Walk Hill Street, Boston, MA 02126",In Peace and Honor Rest You Here,,https://repository.library.northeastern.edu/downloads/neu:4f186225j?datastream_id=thumbnail_5,1954,,,sculpture,,Mattapan,,
http://www.wikidata.org/entity/Q117034999,"2016 mural by Alex Cook in Dorhester, Massachusetts",You Are Loved / Eres Amado,Point(-71.076573942 42.289521559),"Elmhurst Park, Elmhurst St, Boston, MA 02124",,,,2016,,,mural,Alex Cook,Dorchester,,
http://www.wikidata.org/entity/Q113989082,2017 mural by Mayor's Mural Crew,Bodega Cat,Point(-71.12152361 42.29288653),"3997 Washington St, Roslindale, MA 02131",,,,2017,,,mural,Mayor's Mural Crew; Heidi Schork,Roslindale,shop cat,
http://www.wikidata.org/entity/Q107975690,2001 sculpture by Mark Favermann in Boston,Malcolm X School Gateway,Point(-71.091456873 42.332275762),"75 Malcolm X Boulevard, Boston, MA 02120",,,,2001,,steel,sculpture,Mark Favermann,Roxbury,,
http://www.wikidata.org/entity/Q107466794,1989 mural by David Fichter,Viva Villa Victoria,Point(-71.075883601 42.340965752),"85 West Newton Street, Boston, MA 02118","Una Villa Victoria, Villa Victoria Jorge Hernandez Cultural Center Mural",,,1989,2020,,mural,David Fichter,South End,,
http://www.wikidata.org/entity/Q107689877,2007 sculpture by Nora Valdez and Boston Day and Evening Academy students in Boston,Stone Garden,Point(-71.082002149 42.326992119),"20 Kearsarge Ave, Boston, MA 02119",,,https://repository.library.northeastern.edu/downloads/neu:4f185b94f?datastream_id=thumbnail_5,2007,,stone,sculpture,Nora Valdez,Roxbury,,
http://www.wikidata.org/entity/Q107466788,2017 mural by Timothy McCool,Sunrise over Albany Street,Point(-71.072506564 42.334075739),774 Albany Street Boston MA 02118,Sunrise,,,2017,,paint,mural,Timothy McCool,South End,,
http://www.wikidata.org/entity/Q109272099,2007 monument in Boston,Chinese Immigrant Memorial,Point(-71.113611 42.28),,,,https://repository.library.northeastern.edu/downloads/neu:4f184k51x?datastream_id=thumbnail_5,2007,,granite; brick; concrete; steel; wood,monument,,Mattapan,,
http://www.wikidata.org/entity/Q112195383,1997 mural by Mike Womble and Mayor's Mural Crew in Boston,Gospel,Point(-71.08583222 42.30026929),"700 Blue Hill Avenue, Boston, MA 02121",,,https://repository.library.northeastern.edu/downloads/neu:4f1854483?datastream_id=thumbnail_5,1997,,,mural,Mike Womble; Mayor's Mural Crew,Dorchester,,
http://www.wikidata.org/entity/Q109272153,2019 mural by Greg Lamarche,Choice,Point(-71.061185101 42.344122065),"90 Traveler St, Boston, MA 02118",,,,2019,,,mural,Greg Lamarche,South End,,
http://www.wikidata.org/entity/Q107975712,"2016 mural by Genaro ""GoFive"" Ortega, Rob ""Problak"" Gibbs, Brandalizm, Sneha ""IMAGINE"" Shrestha, and Luis ""Take1"" Taforo in Boston",Tiger Style,Point(-71.087202885 42.330941847),"55 Malcolm X Boulevard, Boston, MA 02120",,,,2016,,paint,mural,Luis Taforo; Brand Rockwell; Rob Gibbs; Genaro Ortega; Sneha Shrestha,Roxbury,,
http://www.wikidata.org/entity/Q109742208,"2018 stylized portrait of Nelson Mandela by David ""Don Rimx"" Sepulveda",Powerful Knowledge,Point(-71.081232911 42.308066918),"41 Geneva Avenue, Dorchester, Boston, MA",,,,2018,,paint,mural,David Sepulveda,Dorchester,Nelson Mandela,
http://www.wikidata.org/entity/Q107975709,2019 mural by Kenji Chai in Boston,The Hidden Dragon,Point(-71.088216702 42.331647437),"75 Malcolm X Boulevard, Boston, MA 02120",,,,2019,,paint,mural,Kenji Chai,Roxbury,dragon,
http://www.wikidata.org/entity/Q115564819,mural by Boston Youth Fund Mural Crew in Dorchester,Hair,Point(-71.071389 42.283889),"790A Washington St, Boston, MA 02124",,,https://repository.library.northeastern.edu/downloads/neu:4f1859042?datastream_id=thumbnail_5,2001,,,mural,Mayor's Mural Crew,Dorchester,,
http://www.wikidata.org/entity/Q110088895,2019 mural by Iker Muro,Untitled,Point(-71.0611851 42.344122069),"90 Traveler St, Boston, MA 02118",,,,2019,,,mural,Iker Muro,South End,,
http://www.wikidata.org/entity/Q107975673,"2020 mural by Rob ""Problak"" Gibbs in Boston",Breathe Life 2,Point(-71.089497134 42.332012755),"75 Malcolm X Boulevard, Boston, MA 02120",,,,2020,,paint,mural,Rob Gibbs,Roxbury,,
http://www.wikidata.org/entity/Q107689885,1994 sculpture by Mags Harries in Boston,Ben's Circular Tower,Point(-71.103599451 42.328993362),"239 Parker Hill Ave, Boston, MA 02120",,,,1994,,granite,sculpture,Mags Harries,Roxbury,,
http://www.wikidata.org/entity/Q107466789,"historic marker in South End, Boston",Tent City,Point(-71.075758404 42.346687459),"130 Dartmouth Street, Boston, MA 02116",,,,,,,commemorative plaque,,South End,,
http://www.wikidata.org/entity/Q117189249,2020 installation by Yu-Wen Wu in Boston,Lantern Stories,Point(-71.059533 42.35135),,,,,2020,2021,,installation artwork,Yu-Wen Wu,Chinatown,,
http://www.wikidata.org/entity/Q107975684,1916 plaque by Van Amringe Co. in Boston,Highland Park Fort,Point(-71.094587857 42.325483375),"58 Beech Glen Street, Boston, MA 02119",,,,1916,,bronze,commemorative plaque,,Roxbury,,
http://www.wikidata.org/entity/Q107975698,2018 mural by Lisa Jeanne Graf and Bea Graf in Boston,Play and Yay!,Point(-71.088407659 42.314743908),"135 Humboldt Avenue, Boston, MA 02121",,,,2018,,paint,mural,Lisa Jeanne Graf,Roxbury,,
http://www.wikidata.org/entity/Q112583549,2009 mural by Mayor's Mural Crew directed by Heidi Schork and Susan Shian,75 Years in Your Neighborhood,Point(-71.081111 42.278889),"981 Morton St., Boston, MA 02126",,,https://repository.library.northeastern.edu/downloads/neu:4f185g33j?datastream_id=thumbnail_5,2009,,,mural,Susan Shian; Mayor's Mural Crew; Heidi Schork,Mattapan,,
http://www.wikidata.org/entity/Q109742545,2021 mural by Victor “Marka27” Quiñonez in Dorchester,Look to Your Elders,Point(-71.081980734 42.31006924),"430 Blue Hill Avenue, Boston, MA 02121.",,,,2021,,paint,mural,Victor Quiñonez,Dorchester,,
http://www.wikidata.org/entity/Q107689876,1995 ornamental fence by John Tagiuri in Boston,Music Fence,Point(-71.075591377 42.326486078),"383 Dudley St, Boston, MA 02119",,,,1995,,iron,fence,John Tagiuri,Roxbury,,
http://www.wikidata.org/entity/Q107466777,"mural by Ari Hauben, students at McKinley South End Academy, and the Scholars Brigade in Boston",Love is the Question and the Answer,Point(-71.074340633 42.34409046),"90 Warren Avenue, Boston MA 02116",,,,2017 or 2016,,paint,mural,Ari Hauben,South End,Mel King,
http://www.wikidata.org/entity/Q107689869,1995 mural by Mike Womble and Mayor's Mural Crew in Boston,Faces of Dudley,Point(-71.085090313 42.329131305),"2387 Washington St, Boston, MA 02119",,,https://repository.library.northeastern.edu/downloads/neu:4f185438v?datastream_id=thumbnail_5,1995,,acrylic paint,mural,Mike Womble; Mayor's Mural Crew,Roxbury,Melnea Cass; Elma Lewis; Malcolm X,
http://www.wikidata.org/entity/Q107975676,1993 mural by Mayor's Mural Crew and Heidi Schork in Boston,Dudley Street Neighborhood Initiative,Point(-71.073905 42.324133),"438 Dudley Street, Boston, MA 02119",,,https://repository.library.northeastern.edu/downloads/neu:4f185245v?datastream_id=thumbnail_5,1993,,acrylic paint,mural,Mayor's Mural Crew; Heidi Schork,Roxbury,,
http://www.wikidata.org/entity/Q107975667,"2020 mural by Lee Beard, Paul ""Mar"" Chapman, Chris Grant, and Chanel Thervil in Boston",Black Lives Matter,Point(-71.081794442 42.331846822),"Washington Street Boston, MA 02119",,,,2020,,paint,mural,Lee Beard; Paul Chapman; Chanel Thervil,Roxbury,,
http://www.wikidata.org/entity/Q116004541,2016 mural by Heidi Schork in Boston,Ray Bolger as the Scarecrow,Point(-71.062606014 42.291148813),"1726 Dorchester Ave, Dorchester, MA 02124",,,,2016,,,mural,Mayor's Mural Crew; Heidi Schork,Dorchester,,
http://www.wikidata.org/entity/Q110996728,2021 mural by Nneka Jones,Intersectional Environmentalism: Generational Uproot,Point(-71.034222902 42.369348632),"122 Cottage St, Boston, MA 02128",,,,2021,,,mural,Nneka Jones,East Boston,,
http://www.wikidata.org/entity/Q107975716,historic marker in Boston,William Lloyd Garrison House,Point(-71.093552086 42.325920204),"17 Highland Park Street, Boston, MA 02119",,,,,,,commemorative plaque,,Roxbury,,
http://www.wikidata.org/entity/Q107466776,"2010 sculpture by Shauna Gillies-Smith, Michael Kilkelly, and France Cormier",Landwave,Point(-71.066499034 42.343585109),"230 Shawmut Ave, Boston, MA 02118",,,,2010,2018,glass tile; groundcover; concrete,sculpture,Shauna Gillies-Smith; Michael Kilkelly; France Cormier,South End,,
http://www.wikidata.org/entity/Q115743049,"Historical marker at Palladio Hall in Roxbury, Massachusetts",Palladio Hall plaque,Point(-71.08332412 42.32888839),"56 Warren Street, Boston, MA 02119",,,https://repository.library.northeastern.edu/downloads/neu:4f185h49n?datastream_id=thumbnail_5,,,,commemorative plaque,,Roxbury,,
http://www.wikidata.org/entity/Q117717840,1995 sculpture by Rafael Consuegra at Northeastern University's Boston campus,Arpus,Point(-71.090184549 42.338579367),"Dockser Hall, 65 Forsyth St, Boston, MA 02115",,,,1995,,,sculpture,Rafael Consuegra,Fenway–Kenmore,,
http://www.wikidata.org/entity/Q109272144,"2020 mural by Julia ""Julz"" Roth and Cedric ""Vise1"" Douglas",The Calling,Point(-71.033413771 42.364392182),"218 Marginal St, Boston, MA 02128",,,,2020,,,mural,Cedric Douglas; Julia Roth,East Boston,,
http://www.wikidata.org/entity/Q116004027,"2022 mural by Mel Mandel in Dorchester, Massachusetts",Youth Lead the Change: Rise Up from Your Roots,Point(-71.083450097 42.289662146),158 Stratton St. Dorchester,,,,2022,,,mural,Melissa Mandel,Dorchester,,
http://www.wikidata.org/entity/Q110088908,"2017 mural by David ""Don Rimx"" Sepulveda, Victor ""Marka27"" Quiñonez and Rob ""ProBlak"" Gibbs",Untitled,Point(-71.0611851 42.344122069),"90 Traveler St, Boston, MA 02118",,,,2017,,,mural,David Sepulveda; Victor Quiñonez; Rob Gibbs,South End,,
http://www.wikidata.org/entity/Q115707916,2021 mural by Mayor's Mural Crew in Mattapan,Tout Moun Se Moun/One Love: Mattapan Tap Tap Mural,Point(-71.09436244 42.2688395),"1617 Blue Hill Avenue, Mattapan, MA 02126",,,,2021,,,mural,Mayor's Mural Crew,Mattapan,,
http://www.wikidata.org/entity/Q107466773,1976 mosaic by Lilli Ann Killen Rosenberg,In Praise of Hands,Point(-71.073231141 42.344547502),"90 Warren Ave, Boston, MA 02116",,,,1976,,ceramic; concrete; glass; metal; wood,mural; mosaic,Lilli Ann Killen Rosenberg,South End; Roxbury,,
http://www.wikidata.org/entity/Q115173591,Mural painted on the outer walls of the Joseph Lee School in Dorchester,Boston Skyline,Point(-71.080833 42.292222),"155 Talbot Ave, Boston, MA 02124",,,https://repository.library.northeastern.edu/downloads/neu:4f186191x?datastream_id=thumbnail_5,,,,mural,,Dorchester,,
http://www.wikidata.org/entity/Q117070287,2017 mural in Allston by Pete Cosmos,Faces of Allston,Point(-71.133230109 42.363554217),"267 Western Ave, Boston, MA 02134",,,,2017,,,mural,Pete Cosmos,Allston,,
http://www.wikidata.org/entity/Q110088867,"2015 mural by Caleb Neelon and Victor ""Marka27"" Quinonez",Untitled,Point(-71.098356601 42.332679887),"40 Smith Street,  Roxbury, MA 02120",,,,2015,,,mural,Victor Quiñonez; Caleb Neelon,Roxbury,,
http://www.wikidata.org/entity/Q108489870,2010 mural by Raul Gonzalez in Boston,Conmocion,Point(-71.038705814 42.368467991),,,,,2010,,latex paint; acrylic paint,mural,,East Boston,,
http://www.wikidata.org/entity/Q109272155,2019 mural by Silvia López Chavez,Up and Under,Point(-71.0611851 42.344122069),"90 Traveler St, Boston, MA 02118",,,,2019,,,mural,Silvia López Chavez,South End,,
http://www.wikidata.org/entity/Q110996777,2017 mural by Rob Gibbs,Breathe Life,Point(-71.07951036 42.313217203),"324 Blue Hill Avenue, Boston, MA 02121",,,,2017,,,mural,Rob Gibbs,Dorchester,,
http://www.wikidata.org/entity/Q109272123,2013 mosaic mural by Christos Hamawi,The Living Seasons,Point(-71.065005419 42.34843345),"885 Washington St, Boston, MA 02111",,,,2013,,ceramic tile; glass tile,mosaic,Christos Hamawi,Chinatown,,
http://www.wikidata.org/entity/Q118174565,1958 stained glass windows,St. John the Baptist,Point(-71.070304401 42.341724785),"15 Un Pk St, Boston, MA 02118",,,,1958,,,stained glass,,South End,,
http://www.wikidata.org/entity/Q117070727,"2020 mural by Stephen Hamilton for the Nubian Square Public Art Initiative in Roxbury, MA",1000 Hooves,Point(-71.082017533 42.331417425),"2168 Washington St. Boston, MA",,,,2020,,,mural,Stephen Hamilton,Roxbury,,
http://www.wikidata.org/entity/Q108489869,"2003 sculpture by B. Amore, Kokoro Carvers, Bamore, Woody Dorsey in Boston",Condor Street Urban Wild,Point(-71.028361331 42.381483429),"300 Condor St, Boston, MA 02128",,,,2003,,stone,sculpture,,East Boston,,
http://www.wikidata.org/entity/Q118097347,2015 mural by Jef Aérosol depicting Jimi Hendrix,Hendrix,Point(-71.085872699 42.340700113),"Gainsborough Parking Garage, 10 Gainsborough St, Boston, MA 02115",,,,2015,,aerosol paint,mural,Jef Aérosol,Fenway–Kenmore,Jimi Hendrix,
http://www.wikidata.org/entity/Q108824210,1982 mural by Paul Goodnight in Boston,Jazz History/Tribute to Black Classical Music,Point(-71.084420373 42.337384548),"981 Tremont St, Boston, MA 02120",,,,1982,1985,,mural,Paul Goodnight,South End,Johnny Hodges; Sarah Vaughan; Cannonball Adderley; Miles Davis; John Coltrane,
http://www.wikidata.org/entity/Q107975694,1997 mural by Mayor's Mural Crew and Mike Womble in Boston,Noah's Ark,Point(-71.08311 42.309152),"457 Blue Hill Avenue, Dorchester, MA 02121",,,,1997,,acrylic paint,mural,Mike Womble; Mayor's Mural Crew,Roxbury,,
http://www.wikidata.org/entity/Q109272172,"2017 mural by Sneha ""IMAGINE"" Shrestha",Surya,Point(-71.0611851 42.344122069),"90 Traveler St, Boston, MA 02118",,,,2017,,,mural,Sneha Shrestha,South End,,
http://www.wikidata.org/entity/Q115659528,"Mural outside a school in Dorchester, Massachusetts",Quote Wall,Point(-71.079722 42.291111),"155 Talbot Avenue, Boston, MA 02124",,,https://repository.library.northeastern.edu/downloads/neu:4f1862116?datastream_id=thumbnail_5,,,,mural,,Roxbury,,
http://www.wikidata.org/entity/Q110088734,1975 mural by Gary Rickson,America Is Our Beginning Thru Meditation,Point(-71.083603457 42.318146193),"401 Warren St, Boston, MA 02119",,,,1975,,,mural,Gary Rickson,Roxbury,,
http://www.wikidata.org/entity/Q107466791,"1849 fountain in South End, Boston",Twin Fountains,Point(-71.073533751 42.339650995),"1535 Washington Street, Boston, MA 02118",,,https://repository.library.northeastern.edu/downloads/neu:4f185m29s?datastream_id=thumbnail_5,1849,,cast iron,fountain,,South End,,
http://www.wikidata.org/entity/Q113976734,"mural in Dorchester Center, Boston, Massachusetts",Peace,Point(-71.071778 42.292806),"532 Washington Street, Dorchester Center, MA 02124",,,https://repository.library.northeastern.edu/downloads/neu:4f1852421?datastream_id=thumbnail_5,,,,mural,,Dorchester,,
http://www.wikidata.org/entity/Q107975700,2003 mural by Mayor's Mural Crew and Heidi Schork in Boston,Reyes y Reinas,Point(-71.07996788 42.31269783),"342 Blue Hill Avenue, Boston, MA 02121",,,https://repository.library.northeastern.edu/downloads/neu:4f185951f?datastream_id=thumbnail_5,2003,,acrylic paint,mural,Mayor's Mural Crew; Heidi Schork,Roxbury,,
http://www.wikidata.org/entity/Q110088917,2017 mural by Ewok,Untitled,Point(-71.0611851 42.344122069),"90 Traveler St, Boston, MA 02118",,,,2017,,,mural,Ewok,South End,,
http://www.wikidata.org/entity/Q107466778,mural by Sharon Dunn in Boston,Maternity,Point(-71.076378184 42.345529138),"4 Yarmouth St, Boston, MA 02116",Black Women,,,1972 or 1970,,paint,mural,Sharon Dunn,South End,,
http://www.wikidata.org/entity/Q116213314,2016 mural by Heidi Schork in Downtown Boston,Literary District Alley,Point(-71.06152312 42.355556599),"48 Temple Pl, Boston, MA 02111",,,,2016,,,mural,Heidi Schork,Downtown Boston,,
http://www.wikidata.org/entity/Q108475942,1977 sculptures in Boston's Chinatown neighborhood,Fu Dogs,Point(-71.0597459 42.351188342),"John F Fitzgerald Surface Rd &, Beach St, Boston, MA 02111","Foo Dogs, Fu Lions, Guardian Lions",,,2007 or 1990 or 1977,,marble,Chinese guardian lions; sculpture,TRO,Chinatown,,
http://www.wikidata.org/entity/Q112255430,mural by Roberto Chao and teens from the Boston Youth Network,Unity,Point(-71.03946 42.37434),"68 Central Square, Boston, MA 02128",,,,1997,,plywood,mural,Roberto Chao,East Boston,,
http://www.wikidata.org/entity/Q109272116,2008 plaque by Reno Pisano,Portrait Childe Hassam,Point(-71.074687943 42.346191666),"325 Columbus Ave, Boston, MA 02118",,,,2008,,granite; bronze,commemorative plaque,,South End,Childe Hassam,
http://www.wikidata.org/entity/Q107689886,1987 sculpture by John Wilson in Boston,Eternal Presence,Point(-71.092171167 42.316433316),"300 Walnut Avenue, Boston, MA 02119",,,https://repository.library.northeastern.edu/downloads/neu:4f184n609?datastream_id=thumbnail_5,1987,,bronze,sculpture,John Woodrow Wilson,Roxbury,,
http://www.wikidata.org/entity/Q117478072,1995 sculpture by Leonardo Niermann at Northeastern University's Boston campus,Flame of Hope,Point(-71.09040143 42.33972601),"400 Huntington Ave, Boston, MA 02115",,,,1995,,stainless steel,sculpture,Leonardo Nierman,Fenway–Kenmore,,
http://www.wikidata.org/entity/Q112583577,2012 sculpture by George Mossman Greenamyer in Roslindale,Traffic,Point(-71.130833 42.286667),,,,https://repository.library.northeastern.edu/downloads/neu:4f185n45c?datastream_id=thumbnail_5,2012,,steel,sculpture,George Greenamyer,Roslindale,,
http://www.wikidata.org/entity/Q113996535,2021 mural by Beau Stanton,Precipice,Point(-71.03829775 42.36831078),"239 Sumner St, Boston, MA 02128",,,,2021,,,mural,Beau Stanton,East Boston,,
http://www.wikidata.org/entity/Q109272106,2019 mural by Juan Travieso,Engulf,Point(-71.058369744 42.351912584),,,,,2019,,,mural,Juan Travieso,Chinatown,tiger,
http://www.wikidata.org/entity/Q117071409,1990 decorative fence by Dimitri Gerakaris for the Pine Street Inn women's shelter,Women's Shelter Fence,Point(-71.063348581 42.3425345),"65 Paul Sullivan Way, Boston, MA 02118",,,,1990,,,fence,Dimitri Gerakaris,South End,,
http://www.wikidata.org/entity/Q117466385,2018 mural by Cedric Douglas and Daniel  Anguilu for Northeastern University,Untitled,Point(-71.094978 42.3386618),"Burstein Hall, 452 Huntington Ave. Boston, MA 02115",,,,2018,,aerosol paint; acrylic paint,mural,Daniel Anguilu; Cedric Douglas,Fenway–Kenmore,,
http://www.wikidata.org/entity/Q107975683,"1997 mural by Mayor's Mural Crew, Jon Tran, and Alyssa Tang in Boston",Hairstyling,Point(-71.097947 42.315136),"1979 Columbus Avenue, Roxbury, MA 02119",My First Haircut,,,1997,,acrylic paint,mural,Mayor's Mural Crew,Roxbury,,
http://www.wikidata.org/entity/Q115175710,Electrical box in West Roxbury painted by Gary Koeppel,Cloudy Sky,Point(-71.155 42.286111),"Centre St & Corey St, Boston, MA 02132",,,https://repository.library.northeastern.edu/downloads/neu:4f186179n?datastream_id=thumbnail_5,,,,pattress; work of art,Gary Koeppel,West Roxbury,,
http://www.wikidata.org/entity/Q108655396,2015 photo mural by JR in Boston,Faces of Dudley,Point(-71.083598715 42.328823966),"149 Dudley St, Roxbury, MA 02119",,,,2015,,,mural,JR,Roxbury,,
http://www.wikidata.org/entity/Q117193226,"2014 mural by Mayor's Mural Crew, directed by Leah Jaffe and Elizabeth Metts",Dragon Mural,Point(-71.12720963 42.286806207),"5 Basile St, Roslindale, MA 02131",,,,2014,,,mural,Mayor's Mural Crew,Roslindale,,
http://www.wikidata.org/entity/Q109084316,1904 sculpture by Paul Wayland Bartlett,Dr. Joseph Warren,Point(-71.156666666 42.275833333),,Joseph Warren,,https://repository.library.northeastern.edu/downloads/neu:4f184m34g?datastream_id=thumbnail_4,1904,,bronze,sculpture,Paul Wayland Bartlett,West Roxbury,Joseph Warren,
http://www.wikidata.org/entity/Q108024624,"2014 mural by Richard ""Deme5"" Gomez and Thomas ""Kwest"" Burns",Roxbury Love,Point(-71.08147 42.32112),"280 Warren St, Boston, MA 02119",,,,2014,2020,,mural,Thomas Burns; Ricardo Gomez,Roxbury,Nelson Mandela,
http://www.wikidata.org/entity/Q107466770,1931 sculpture by Bruce Wilder Saville,General Leonard Wood,Point(-71.074054964 42.335750804),"818 Harrison Avenue, Boston, MA 02118",,,,1931,,bronze,sculpture,Bruce Saville,South End,Leonard Wood,
http://www.wikidata.org/entity/Q110088860,2021 mural in Boston's Allston neighborhood,"Puzzle Me, Allston-Brighton!",Point(-71.130743096 42.362726217),"224 Western Ave, Boston, MA 02134",,,,2021,2022,,mural,,Allston,,
http://www.wikidata.org/entity/Q107975682,1999 mural by Mayor's Mural Crew and Gregg Bernstein in Boston,Fort Hill,Point(-71.096434901 42.328695041),"1234 Columbus Avenue, Boston, MA 02120",,,,1999,,acrylic paint,mural,Gregg Bernstein; Mayor's Mural Crew,Roxbury,,
http://www.wikidata.org/entity/Q109272149,"2020 mural by Rob ""ProBlak"" Gibbs and Victor ""Marka27"" Quiñonez",Don't Let Me Be Misunderstood,Point(-71.0611851 42.344122069),"90 Traveler St, Boston, MA 02118",,,,2020,,,mural,Victor Quiñonez; Rob Gibbs,South End,Nina Simone,
http://www.wikidata.org/entity/Q107975717,2004 mural by Mayor's Mural Crew and Gregg Bernstein in Boston,William Monroe Trotter School,Point(-71.08754729 42.315996229),"135 Humboldt Avenue, Boston, MA 02121",,,https://repository.library.northeastern.edu/downloads/neu:4f185991d?datastream_id=thumbnail_5,2004,,acrylic paint,mural,Mayor's Mural Crew; Gregg Bernstein,Roxbury,,
http://www.wikidata.org/entity/Q117478284,1997 sculpture by Victor Halvani at Northeastern University's Boston campus,David Playing the Harp,Point(-71.087333759 42.338769329),,,,,1997,,bronze,sculpture,Victor Halvani,Fenway–Kenmore,,
http://www.wikidata.org/entity/Q109272095,2005 sculpture by Kahil Gribran,Ad Astra,Point(-71.074718331 42.346101167),"324 Columbus Ave, Boston, MA 02118",,,,2005,,bronze,sculpture,Kahlil Gibran,South End,,
http://www.wikidata.org/entity/Q109616002,2015 portrait bust by Robert Shure,Roberto Clemente Bust,Point(-71.071365485 42.340904962),"1440 Washington Street, Boston, MA 02118",,,,2015,,,sculpture,Robert Shure,South End,Roberto Clemente,
http://www.wikidata.org/entity/Q112042107,2021 mural by Tallboy,Death to Plastic,Point(-71.039834812 42.373844804),"160 Liverpool St, East Boston, MA 02128",,,,2021,,,mural,Chris Coulon,East Boston,,
http://www.wikidata.org/entity/Q107975697,2009 mural by Madison Park Development Corp teenagers in Boston,Peace Through Music,Point(-71.083103377 42.329416501),"44 Warren St, Boston, MA 02119",,,,2009,,,mural,,Roxbury,,
http://www.wikidata.org/entity/Q107975703,"2020 mural by Ricardo ""Deme5"" Gomez in Boston",Rules of Engagement,Point(-71.088868302 42.327511941),"Bartlett Station Drive, Roxbury, MA 02119",,,,2020,,paint,mural,Ricardo Gomez,Roxbury,,
http://www.wikidata.org/entity/Q107975675,1920 plaque by Garbati in Boston,Corporal Gordon Denton plaque,Point(-71.072482482 42.313601251),"1 Wayland Street, Dorchester, MA 02125",,,,1920,,bronze,commemorative plaque,,Roxbury,,
http://www.wikidata.org/entity/Q107975674,"2019 mural by Rob ""Problak"" Gibbs in Boston",Breathe Life 3,Point(-71.081507428 42.338254412),"808 Tremont Street, Boston, MA 02118",,,,2019,,aerosol paint; acrylic paint,mural,Rob Gibbs,Roxbury,,
http://www.wikidata.org/entity/Q108489868,1975 sculpture by Ted Barbarossa in Boston,Commemorative Relief of Noddle Island,Point(-71.04018 42.36867),"209 Sumner St, Boston, MA 02128",,,,1975,,bronze,sculpture,Theodore Cotillo Barbarossa,East Boston,,
http://www.wikidata.org/entity/Q111370773,2021 mural by Taj Francis in Boston,Guiding Giants,Point(-71.04036 42.37325),"150 Liverpool Street, East Boston",,,,2021,,,mural,Taj Francis,East Boston,,
http://www.wikidata.org/entity/Q107975685,2008 mural Mayor's Mural Crew and Gregg Bernstein in Boston,History of Fort Hill II,Point(-71.096424173 42.328631587),"1234 Columbus Avenue, Boston, MA 02120",,,https://repository.library.northeastern.edu/downloads/neu:4f185g328?datastream_id=thumbnail_5,2008,,acrylic paint,mural,Gregg Bernstein; Mayor's Mural Crew,Roxbury,,
http://www.wikidata.org/entity/Q115742938,"Mural in Roslindale, Massachusetts",Mural outside Fornax Bread Company,Point(-71.13 42.285833),"27 Corinth St, Roslindale, MA 02131","Mural outside Fornax Bread Company, Roslindale",,https://repository.library.northeastern.edu/downloads/neu:4f185m87p?datastream_id=thumbnail_5,2003,,,mural,Alex Cook,Roslindale,,
http://www.wikidata.org/entity/Q117472740,1971 sculpture by David Bakalar at Northeastern University's Boston campus,Adam,Point(-71.09080467 42.3372455),,,,,1971,,stainless steel,sculpture,David Bakalar,Fenway–Kenmore,,
http://www.wikidata.org/entity/Q109272112,2002 mural by Jameel Parker,Faces of Codman Square,Point(-71.071944 42.291389),"585 Washington St, Dorchester Center, MA 02124",,,https://repository.library.northeastern.edu/downloads/neu:4f1854547?datastream_id=thumbnail_5,2002,,,mural,Jameel Parker,Dorchester,,
http://www.wikidata.org/entity/Q107975663,"2020 mural by Victor ""Marka27"" Quiñonez in Boston",Back to the Essence,Point(-71.069891711 42.327182858),"95 Magazine Street, Boston, MA 02119",,,,2020,,paint,mural,Victor Quiñonez,Roxbury,,
http://www.wikidata.org/entity/Q107975692,2014 mural by Mayor's Mural Crew and Heidi Schork in Boston,"Melnea Cass, Frieda Garcia, Judy Norsigian and Kip Tiernan",Point(-71.078727222 42.332995587),"47 Thorndike Street, Boston, MA 02118",,,,2014,,,mural,Mayor's Mural Crew; Heidi Schork,Roxbury,Judy Norsigian; Frieda Garcia; Melnea Cass; Kip Tiernan,
http://www.wikidata.org/entity/Q115702564,"2000 mural by Mayor's Mural Crew in West Roxbury, MA",Tribute to the Red Sox,Point(-71.166944 42.28),"255 Baker St, West Roxbury, MA 02132",,,https://repository.library.northeastern.edu/downloads/neu:4f185726p?datastream_id=thumbnail_5,2000,,,mural,,West Roxbury,,
http://www.wikidata.org/entity/Q107975660,2015 mural by Heidi Schork and Mayor's Mural Crew in Boston,My Brother's Keeper,Point(-71.081657443 42.318216605),"368 Warren Street, Roxbury, MA 02119",,,,2015,,paint,mural,Mayor's Mural Crew; Heidi Schork,Roxbury,,
http://www.wikidata.org/entity/Q107466774,2002 sculpture by Mirta Tocci,In the Light,Point(-71.066545087 42.343054497),"1200 Washington Street, Boston, MA 02118",,,https://repository.library.northeastern.edu/downloads/neu:4f185928n?datastream_id=thumbnail_5,2002,,bronze,sculpture,Mirta Tocci,South End,,
http://www.wikidata.org/entity/Q110996786,2017 mural by Upendo Taylor,Untitled,Point(-71.0611851 42.344122069),"90 Traveler St, Boston, MA 02118",,,,2017,,oil paint,mural,Upendo Taylor,South End,,
http://www.wikidata.org/entity/Q112042236,2021 mural by Kai Kaulukukui and Taylor Reinhold in East Boston,Solo hay un océano / There is only one ocean,Point(-71.03503 42.36885),"9 McKay Pl, Boston, MA 02128",,,,2021,,,mural,Kai'ili Kaulukukui,East Boston,,
http://www.wikidata.org/entity/Q107975695,1989 mural Roberto Chao in Boston,Jigsaw Mural,Point(-71.097527242 42.314237489),"61 School Street, Boston, MA 02119",Hernandez School Mural,,https://repository.library.northeastern.edu/downloads/neu:4f185232s?datastream_id=thumbnail_5,2001,,plywood; acrylic paint,mural,Roberto Chao,Roxbury,,
http://www.wikidata.org/entity/Q110996861,2019 Mural by Silvia López Chavez,Joy,Point(-71.089518372 42.337130571),"1150 Tremont St, Roxbury, MA 02120",,,,2019,,,mural,Silvia López Chavez,Roxbury,,
http://www.wikidata.org/entity/Q115173467,Series of murals depicting car parts on the wall of Roper's Auto Repair in Dorchester,Auto Parts,Point(-71.075278 42.291389),"270 Talbot Ave, Boston, MA 02124",,,https://repository.library.northeastern.edu/downloads/neu:4f1858916?datastream_id=thumbnail_5,,,,mural,,Roxbury,,
http://www.wikidata.org/entity/Q109272166,2018 sidewalk mural by Liz LaManche,Mystery Map,Point(-71.029777604 42.379136723),"402 Saratoga St, Boston, MA 02128",,,,2018,,,mural,Liz LaManche,East Boston,,
http://www.wikidata.org/entity/Q118104991,2015 mural by Aérosol depicting Tom Sawyer,Tom Sawyer,Point(-71.091474413 42.338828836),"Cargill Hall, 45 Forsyth St, Boston, MA 02115",,,,2015,,aerosol spray,mural,Jef Aérosol,Fenway–Kenmore,Tom Sawyer,
http://www.wikidata.org/entity/Q114161756,"2017 mural by Vyal ""Vyal One"" Reyes",Untitled,Point(-71.061185101 42.344122065),"90 Traveler St, Boston, MA, 02118",,,,2017,,,mural,"Jaime ""Vyal"" Reyes",South End,,
http://www.wikidata.org/entity/Q107975917,1882 sculpture by Daniel Chester French,"Labor, Art, Family",Point(-71.09179492 42.30742593),"1 Franklin Park Road, Boston, MA 02121",Labor Protecting the Family and the Arts,,,1882,,marble,sculpture,Daniel Chester French,Roxbury,,
http://www.wikidata.org/entity/Q115702534,2005 Ornamental Fence in Boston,Trotter School Playground Fence,Point(-71.08844797 42.31473499),"59 Waumbeck Street, Boston, MA 02121",,,https://repository.library.northeastern.edu/downloads/neu:4f185m722?datastream_id=thumbnail_5,2005,,steel,work of art,,Roxbury,,
http://www.wikidata.org/entity/Q113995610,"2021 mural by Victor ""Marka27"" Quiñonez",Espíritu del Mar,Point(-71.034982429 42.368858551),"9 McKay Pl, Boston, MA 02128",,,,2021,,,mural,Victor Quiñonez,East Boston,,
http://www.wikidata.org/entity/Q107975668,"2020 mural by Tony ""PRONZY"" Perez in Boston",Black Love,Point(-71.088288021 42.332113166),"75 Malcolm X Boulevard, Boston, MA 02120",,,,2020,,paint,mural,Tony Perez,Roxbury,,
http://www.wikidata.org/entity/Q117193148,"2017 mural by Mayor's Mural Crew, directed by Lauren Donnellan and Heidi Schork",Birch Trees,Point(-71.130155978 42.286856549),"3 Birch St, Boston, MA 02131",,,,2017,,,mural,Lauren Duane; Mayor's Mural Crew; Heidi Schork,Roslindale,,
http://www.wikidata.org/entity/Q112797995,"2012 sculpture by Fern Cunningham in Jeep Jones Park, Roxbury",The Value of Life,Point(-71.091918067 42.330392231),,,,,2012,,,sculpture,Fern Cunningham,Roxbury,,
http://www.wikidata.org/entity/Q107975705,2009 mural by Mayor's Mural Crew and Gregg Bernstein in Boston,Schoolmaster's List,Point(-71.095675271 42.314259838),"2044 Columbus Avenue, Boston, MA 02119",,,https://repository.library.northeastern.edu/downloads/neu:4f185g46m?datastream_id=thumbnail_5,2009,,acrylic paint,mural,Gregg Bernstein; Mayor's Mural Crew,Roxbury,,
http://www.wikidata.org/entity/Q112581812,"2022 mural by Rob ""ProBlak"" Gibbs with assistance from Genaro ""Go Five"" Ortega, Lee ""SOEM"" Beard, and Luis ""Take 1"" Taforo in Boston",Breathe Life Together,Point(-71.054504558 42.353567563),"251 Congress St, Boston, MA 02110",,,,2022,,aerosol paint; acrylic paint,mural,Luis Taforo; Lee Beard; Rob Gibbs; Genaro Ortega,Downtown Boston,,
http://www.wikidata.org/entity/Q109272151,2020 mural by Sophy Tuttle,Rising Tides,Point(-71.038671619 42.368253518),"East Boston Greenway, Boston, MA, USA",,,,2020,,,mural,Sophy Tuttle,East Boston,Saltmarsh Sparrow,
http://www.wikidata.org/entity/Q118466106,Outdoor park in Boston's Chinatown neighborhood.,Mary Soo Hoo Park,Point(-71.059866977 42.351012042),,,,,2009,,,park,Stephen Stimson Associates Landscape Architects,Chinatown,,
http://www.wikidata.org/entity/Q112187265,"commemorative plaque in Mount Hope Cemetery, Boston, Massachusetts",Boston Spanish American War Memorial,Point(-71.115 42.279722),"355 Walk Hill St, Boston, MA 02131",Spanish War memorial,,https://repository.library.northeastern.edu/downloads/neu:4f186238m?datastream_id=thumbnail_5,,,,commemorative plaque,,Roslindale,,Spanish–American War
http://www.wikidata.org/entity/Q107466796,1992 sculpture by Kahlil Gibran,West Canton Street Child,Point(-71.075415054 42.343754068),"158 Warren Avenue, Boston, MA 02116",,,,1992,,granite; bronze,sculpture,Kahlil Gibran,South End,,
http://www.wikidata.org/entity/Q108475941,1991 sculpture by Robert Shure in Boston,FAO Schwarz Bear,Point(-71.063730334 42.349900062),,"Teddy Bear, FAO Schwartz Bear",,,1991,,bronze,sculpture,Robert Shure,Chinatown,teddy bear,
http://www.wikidata.org/entity/Q117188992,"2017 mural by Maria Molteni in Dorchester, Massachusetts",Hard in the Paint,Point(-71.080141351 42.292114498),"155 Talbot Ave, Dorchester, MA, 02124",,,,2017,,,mural,Maria Molteni,Dorchester,,
http://www.wikidata.org/entity/Q107689882,1996 sculpture by Fern Cunningham in Boston,The Family Circle,Point(-71.082255721 42.312922056),"Elm Hill Park, Boston, MA",,,https://repository.library.northeastern.edu/downloads/neu:4f185m676?datastream_id=thumbnail_5,1996,,bronze,sculpture,Fern Cunningham,Roxbury,,
http://www.wikidata.org/entity/Q115741644,"Painted electrical in Roxbury, Massachusetts",Hang Up Hate,Point(-71.084722 42.305278),"Seaver St & Blue Hill Avenue, Boston, MA 02121",,,https://repository.library.northeastern.edu/downloads/neu:4f186423d?datastream_id=thumbnail_5,,,,pattress; work of art,,Roxbury,,
http://www.wikidata.org/entity/Q115742243,"Mural at an elementary school in Hyde Park, Boston, MA",Henry Grew School Mural,Point(-71.126667 42.256944),"40 Gordon Avenue, Hyde Park, MA 02136",Henry Grew Elementary School Mural,,https://repository.library.northeastern.edu/downloads/neu:4f185f942?datastream_id=thumbnail_5,2008,,,mural,Heidi Schork,Hyde Park,,
http://www.wikidata.org/entity/Q107975693,2009 mural by Mayor's Mural Crew and Gregg Bernstein in Boston,Mother Earth,Point(-71.09901712 42.320067253),"90 Amory Street, Roxbury, MA 02119",,,,2009,,acrylic paint,mural,Gregg Bernstein; Mayor's Mural Crew,Roxbury,,
http://www.wikidata.org/entity/Q115977974,"Mural in Nubian Square by Robb ""Problak"" Gibbs and Victor Quiñonez",Reflections Eternal,Point(-71.082098895 42.331321518),"2168 Washington St. Boston, MA 02119",,,,2021,,,mural,Victor Quiñonez; Rob Gibbs,Roxbury,,
http://www.wikidata.org/entity/Q107975707,2006 mural by Mayor's Mural Crew and Heidi Schork in Boston,Sense of Wonder,Point(-71.087684243 42.315830958),"135 Humboldt Avenue, Boston, MA 02121",,,,2006,,acrylic paint,mural,Mayor's Mural Crew; Heidi Schork,Roxbury,,
http://www.wikidata.org/entity/Q117472779,2011 sculpture by Robert Shure at Northeastern University's Boston campus,A Man and a Cat Named Yitz,Point(-71.0900272 42.3374619),"Shillman Hall, 115 Forsyth Street, Boston, MA","Shillman Cat, The Shillman Cat",,,2011,,,sculpture,Robert Shure,Fenway–Kenmore,,
http://www.wikidata.org/entity/Q118001179,Memorial commemorating veterans among Northeastern University students and alumni,Veterans Memorial,Point(-71.089436721 42.337770638),,Northeastern Veterans Memorial,,,2006,,stainless steel; granite,memorial,Steve Fellmeth; Mo Zell; Marc Roehrle,Fenway–Kenmore,,
http://www.wikidata.org/entity/Q115702631,"1999 mural in Hyde Park, Boston, Massachusetts.",Hyde Park Day Parade,Point(-71.123333 42.256111),"1251 River St, Boston, MA 02136",,,https://repository.library.northeastern.edu/downloads/neu:4f185574x?datastream_id=thumbnail_5,1999,,,mural,,Hyde Park,,
http://www.wikidata.org/entity/Q107975696,2007 mural by Mayor's Mural Crew and Heidi Schork in Boston,Peace,Point(-71.098711682 42.321654461),"1589 Columbus Avenue, Roxbury, MA 02119",,,,2007,,acrylic paint,mural,Mayor's Mural Crew; Heidi Schork,Roxbury,,
http://www.wikidata.org/entity/Q107975686,mural by Dana Chandler in Boston,I've Been to the Mountaintop,Point(-71.076415273 42.311238024),"77 Lawrence Avenue, Boston, MA 02121",I've Been to the Mountain Top,,,1982 or 1981,,plywood; acrylic paint,mural,Dana Chandler,Roxbury,,
http://www.wikidata.org/entity/Q109272103,"2020 mural by Curtis ""Curtistic"" Williams in Boston",Dino City,Point(-71.088065631 42.331478524),"75 Malcolm X Boulevard, Boston, MA 02120",,,,2020,,,mural,Curtis Williams,Roxbury,Tyrannosaurus rex,
http://www.wikidata.org/entity/Q112583623,1995 sculpture by Fern Cunningham,Earth Challengers: Life Children and the Hands of Time,Point(-71.082222 42.2925),"155 Talbot Ave, Boston, MA 02124",,,https://repository.library.northeastern.edu/downloads/neu:4f1861994?datastream_id=thumbnail_5,1995,,,sculpture,Fern Cunningham,Dorchester,,
http://www.wikidata.org/entity/Q105833578,"statue in Revere, Massachusetts",Columbus Monument,Point(-70.999444444 42.418333333),"250 Revere St, Revere, MA 02151",Christopher Columbus,http://commons.wikimedia.org/wiki/Special:FilePath/Alois%20Buyens%2C%20Columbus%20statue%2C%20Boston%2C%20Mass.jpg,,1892,,,statue,Alois Buyens,Revere,Christopher Columbus,
http://www.wikidata.org/entity/Q117035039,2017 mural in Allston by Jessie Unterhalter and Katey Truhn,Allumination,Point(-71.13348759 42.363548971),"273 Western Ave, Allston, MA 02134",,,,2017,,,mural,Katey Truhn; Jessie Unterhalter,Allston,,
http://www.wikidata.org/entity/Q109272120,"2002 mural by Marshall Dackert, Mel Georgakopoulos, and Mayor's Mural Crew",Sports Heroes,Point(-71.163889 42.278333),"75 Spring St, West Roxbury, MA 02132",,,https://repository.library.northeastern.edu/downloads/neu:4f185912r?datastream_id=thumbnail_5,2002,,,mural,Mayor's Mural Crew,West Roxbury,Bobby Orr; Jenny Thompson,
http://www.wikidata.org/entity/Q107975701,2015 mural by Napoleon Jones-Henderson and Chanel Thervil in Boston,Roxbury Rhapsody,Point(-71.083799386 42.330202122),"2300 Washington Street, Roxbury, MA 02119",,,,2015,,tile,mural,Chanel Thervil; Napoleon Jones-Henderson,Roxbury,,
http://www.wikidata.org/entity/Q110306554,2020 Dorchester mural,Justice / Peace,Point(-71.077 42.288),"109 Norfolk Street, Dorchester, Boston, MA",,,,2020,,paint,mural,Alex Cook,Dorchester,,
http://www.wikidata.org/entity/Q109272147,2020 mural by Silvia López Chavez,Rise,Point(-71.033413771 42.364392182),"218 Marginal St, Boston, MA 02128",,,,2020,,,mural,Silvia López Chavez,East Boston,,
http://www.wikidata.org/entity/Q108489876,1954 statue by Arrigo Minerbi in Boston,Madonna Queen of the Universe,Point(-71.005 42.3905),"111 Orient Avenue, Boston, MA 02128",,,,1954,,bronze,statue,Arrigo Minerbi,East Boston,,
http://www.wikidata.org/entity/Q107689870,1744 parting stone erected by Paul Dudley in Boston,Roxbury Parting Stone,Point(-71.0917172 42.330101706),"Centre St, Boston, MA 02119",,http://commons.wikimedia.org/wiki/Special:FilePath/Historic%20American%20Buildings%20Survey%20Frank%20O.%20Branzetti%2C%20Photographer%20July%209%2C%201940%20%28v%29%20THE%20PARTING%20STONE%2C%20Cor.%20ROXBURY%20and%20CENTRE%20STS.%2C%20ROXBURY%20LOOKING%20NORTHWEST%20-%20Parting%20Stone%2C%20HABS%20MASS%2C13-ROX%2C7-1.tif,,1744,,stone,traffic sign,Paul Dudley,Roxbury,,
http://www.wikidata.org/entity/Q109272108,2004 mural by Mayor's Mural Crew under the direction of Gregg Bernstein,Esperanza,Point(-71.096675022 42.332756121),"680 Parker St, Boston, MA 02120",,,,2004,,acrylic paint,mural,Gregg Bernstein; Mayor's Mural Crew,Roxbury,,
http://www.wikidata.org/entity/Q109272168,2017 mural by Cey Adams,Love,Point(-71.0611851 42.344122069),"90 Traveler St, Boston, MA 02118",,,,2017,,,mural,Cey Adams,South End,,
http://www.wikidata.org/entity/Q107466787,"historic marker in South End, Boston",South End Grounds,Point(-71.08851096 42.334986657),"1150 Tremont St, Roxbury, MA 02120",,,,,,,commemorative plaque,,Roxbury,,
http://www.wikidata.org/entity/Q111335789,"2017 mural by Shaina Lu, Yvonne Ng, Chinatown youth, and community members",Tied Together by a Thousand Threads,Point(-71.061377011 42.352002902),,,,,2017,,,mural,Shaina Lu,Chinatown,,
http://www.wikidata.org/entity/Q112065054,2021 mural by Lauren YS,Plastic Pandora,Point(-71.037161745 42.371535351),"62 Chelsea St, Boston, MA 02128",,,,2021,,,mural,Lauren YS,East Boston,,
http://www.wikidata.org/entity/Q107975662,2001 mural by Mayor's Mural Crew and Kofi Kayiga in Boston,African Spirit,Point(-71.082024 42.331441),"2164 Washington Street, Boston, MA 02119",,,,2001,,acrylic paint,mural,Mayor's Mural Crew; Kofi Kayiga,Roxbury,,
http://www.wikidata.org/entity/Q117225339,2020 mural by Felipe Ortiz on Northeastern University's Boston campus,Plumage,Point(-71.0915637 42.33905476),"Cargill Hall, 45 Forsyth St. Boston, MA 02115",,,,2020,,acrylic paint,mural,Felipe Ortiz,Fenway–Kenmore,,
http://www.wikidata.org/entity/Q107466780,2014 sculpture by Robert Shure,Puerto Rican Veterans Memorial,Point(-71.071248609 42.340764457),"1440 Washington Street, Boston, MA 02118",,,,2014,,granite; bronze,memorial; sculpture,Robert Shure,South End,,
http://www.wikidata.org/entity/Q115043017,2013 painted electrical box by Peter O. Zierlein,Blue with Birds,Point(-71.136980113 42.278435754),,,,https://repository.library.northeastern.edu/downloads/neu:4f186175j?datastream_id=thumbnail_5,2013,,,pattress; work of art,Peter O. Zierlein,Roslindale,,
http://www.wikidata.org/entity/Q110306890,2016 Boston mural by Marcelo Ment,Boston Strong (mural),Point(-71.0626 42.2916),"1720 Dorchester Avenue, Dorchester, Boston, MA",,,,2016,,,mural,,Dorchester,,
http://www.wikidata.org/entity/Q115444636,Fountain in Boston's Dorchester neighborhood,The Coppenhagen Fountain,Point(-71.060833 42.32),"153 E Cottage St, Dorchester, MA 02125","Copenhagen Foundation, Copenhagen Fountain, Coppenhagen Fountain",,https://repository.library.northeastern.edu/downloads/neu:4f185m081?datastream_id=thumbnail_5,1915,,,fountain,Albert Henry Atkins,Dorchester,,
http://www.wikidata.org/entity/Q116004310,"2020 mural by Alvin ""Acóma"" Colón in Dorchester, Massachusetts",Strand Theatre,Point(-71.065711813 42.315789863),"543 Columbia Rd, Boston, MA 02125",,,,2020,,,mural,"Alvin ""Acóma"" Colón",Dorchester,,
http://www.wikidata.org/entity/Q107975679,2005 mural by Roberto Chao in Boston,Egleston Square Youth Center Mural,Point(-71.099112274 42.314251395),"3134 Washington Street, Roxbury, MA 02119",,,,2005,,acrylic paint,mural,Roberto Chao,Roxbury,,
http://www.wikidata.org/entity/Q110088909,"Mural by Doughlas ""Hoxxoh"" Hoekzema",Untitled,Point(-71.0611851 42.344122069),"90 Traveler St, Boston, MA 02118",,,,2017,,,mural,Douglas Hoekzema,South End,,
http://www.wikidata.org/entity/Q107975710,1775 tablet in Boston,The Siege of Boston,Point(-71.0945664 42.325451647),"58 Beech Glen Street, Boston, MA 02119",,,,1775,,stone,commemorative plaque,,Roxbury,,
http://www.wikidata.org/entity/Q107975713,2005 mural by Mayor's Mural Crew and Gregg Bernstein in Boston,Tropical Market,Point(-71.082094558 42.33314113),"450 Melnea Cass Blvd, Roxbury, MA 02119",,,,2005,,acrylic paint,mural,Gregg Bernstein; Mayor's Mural Crew,Roxbury,,
http://www.wikidata.org/entity/Q107689881,1999 sculpture by Lilli Ann Rosenberg and Marvin Rosenberg in Boston,Dudley Town Park Common Bollards,Point(-71.075468789 42.326394363),"383 Dudley St, Boston, MA 02119",Dudley Town Common Park Bollards,,,1999,,ceramic,sculpture,Marvin Rosenberg; Lilli Ann Killen Rosenberg,Roxbury,,
http://www.wikidata.org/entity/Q107975677,1995 sculpture by John Powell in Boston,Dudley Town Common Park Structure Columns and Lighting,Point(-71.075489 42.326382),"366-378 Dudley Street, Boston, MA 02119",,,,1995,,,sculpture,John Powell,Roxbury,,
http://www.wikidata.org/entity/Q117472504,2015 mural by Jef  Aérosol at Northeastern University's Boston campus,French Intervention,Point(-71.0916366 42.3389393),"Cargill Hall 45 Forsyth St. Boston, MA 02115",,,,2015,,,mural,Jef Aérosol,Fenway–Kenmore,,
http://www.wikidata.org/entity/Q115681771,"Painted electrical in Roxbury, Massachusetts",Tupac,Point(-71.084722 42.305556),"Seaver St & Blue Hill Avenue, Boston, MA 02121","""They Got Money for War but Can't Feed the Poor""",,https://repository.library.northeastern.edu/downloads/neu:4f186239w?datastream_id=thumbnail_5,2016,,,pattress,Mfalme Kenyatta,Roxbury,,
http://www.wikidata.org/entity/Q110997937,1990 sculpture by John Wilson,Father and Child Reading,Point(-71.095235273 42.330233428),"1234 Columbus Ave, Boston, MA 02119",,,,1990,,,sculpture,John Woodrow Wilson,Roxbury,,
http://www.wikidata.org/entity/Q109272102,2013 sculpture by David Phillips,Dancing with Spheres,Point(-71.069157945 42.347209764),"10 Chandler Street, Boston MA 02116",,,,2013,,stainless steel; bronze,sculpture,,South End,,
http://www.wikidata.org/entity/Q109272145,"2020 mural by Sneha ""IMAGINE"" Shresta",Protect What You Love,Point(-71.032910433 42.364188873),"256 Marginal St, East Boston, MA 02128",,,,2020,,,mural,Sneha Shrestha,East Boston,,
http://www.wikidata.org/entity/Q107466797,"1977 mobiles in South End, Boston",Yes and No,Point(-71.074057417 42.335737918),"818 Harrison Avenue, Boston, MA 02118",,,,1977,,bronze,sculpture,,South End,,
http://www.wikidata.org/entity/Q108489881,2007 ornamental fence by Leigh Hall in Boston,Steel Life on Chelsea Creek,Point(-71.028361331 42.381483429),"300 Condor St, Boston, MA 02128",,,,2007,,steel,fence,,East Boston,,
http://www.wikidata.org/entity/Q111422033,mural in Boston by Destiny Palmer,Dreaming Isn't So Concrete,Point(-71.08224 42.27518),"61 Woodruff Way, Mattapan, MA",,,,,,,mural,Destiny Palmer,Mattapan,,
http://www.wikidata.org/entity/Q115173538,Monument funded by the Boston Police Relief Association in 1876 in Mattapan,Boston Police Relief Association Memorial,Point(-71.104167 42.281667),"355 Walk Hill St, Boston, MA 02131",,,https://repository.library.northeastern.edu/downloads/neu:4f185m277?datastream_id=thumbnail_5,1876,,,monument,,Mattapan,,
http://www.wikidata.org/entity/Q115445218,Mural in Boston's Dorchester neighborhood,Don't Dump on Us,Point(-71.068611 42.321111),,,,https://repository.library.northeastern.edu/downloads/neu:4f186443w?datastream_id=thumbnail_5,,,,mural,,Dorchester,,
http://www.wikidata.org/entity/Q112064787,2021 public art project by Ang Li,Place of Assembly,Point(-71.057187234 42.352354982),"29 South St, Boston, MA 02111",,,,2021,,brick,installation artwork,Ang Li,Chinatown,,
http://www.wikidata.org/entity/Q109648676,"2021 set of murals by Jeremy 'Sobek' Harrison, in collaboration with Soem, Deme5, Apecks, Kwest, Vex, and ProBlak",Back Against the Wall,Point(-71.080421315 42.308101721),"58 Geneva Avenue, Boston, MA 02121",,,,2021,,paint,mural,Thomas Burns; Lee Beard; Ricardo Gomez; Rob Gibbs,Dorchester,,
http://www.wikidata.org/entity/Q108489878,1992 fence by John Tagiuri in Boston,Pencil Fence,Point(-71.033939473 42.375245005),"218 Marion St, Boston, MA 02128",,,,1992,,steel,fence,John Tagiuri,East Boston,,
http://www.wikidata.org/entity/Q110997750,2018 mural by Silvia López Chavez,999 Cranes,Point(-71.088489502 42.335050105),"1150 Tremont St, Boston, MA 02120",,,,2018,,,mural,Silvia López Chavez,Roxbury,,
http://www.wikidata.org/entity/Q107689884,1975 sculpture by Robert Amory in Boston,Helion,Point(-71.084121671 42.332346408),"48 Ruggles St, Boston, MA 02120",Lollipop Tree,,,1975,,polyethylene; aluminium,sculpture,Robert Amory,Roxbury,,
http://www.wikidata.org/entity/Q109272158,"2019 mural by Victor ""Marka27"" Quiñonez",Cranes in the Sky,Point(-71.061185101 42.344122065),"90 Traveler St, Boston, MA 02118",,,,2019,,,mural,Victor Quiñonez,South End,,
http://www.wikidata.org/entity/Q107466764,1983 sculpture by Miriam Knapp,Cityscape III,Point(-71.076114885 42.339032891),"W Concord Street and Newland Street, Boston, MA 02118",,,https://repository.library.northeastern.edu/downloads/neu:4f184n29t?datastream_id=thumbnail_5,1984 or 1983,,steel; metal,sculpture,Miriam Knapp,South End,,
http://www.wikidata.org/entity/Q108489877,2010 bench by Gretchen Schneider in Boston,Our Garden Mosaic Benches,Point(-71.04081511 42.378404076),"312 Border St, Boston, MA 02128",,,,2010,,ceramic tile; concrete,bench,,East Boston,,
http://www.wikidata.org/entity/Q107466790,1965 sculpture by Alfred Duca,Three Figures,Point(-71.068206463 42.346418663),"450 Tremont Street, Boston, MA 02116",,,,1965,,weathering steel,sculpture,Alfred Milton Duca,South End,,
http://www.wikidata.org/entity/Q117070511,2015 mural by Jef Aérosol depicting Edgar Allen Poe and John Lee Hooker in Boston,Little Boston Tea Party,Point(-71.090740483 42.338544489),"1982 Greenleaf Street, Boston, MA, 02115.",,,,2015,,,mural,Jef Aérosol,Fenway–Kenmore,John Lee Hooker; Edgar Allan Poe,
http://www.wikidata.org/entity/Q108170239,1990 mural by Paul Goodnight in Boston,Mandela,Point(-71.0906987 42.33200331),"75 Malcolm X Blvd, Boston, MA 02120",,,,1990,,,mural,Paul Goodnight,Roxbury,Nelson Mandela,
http://www.wikidata.org/entity/Q117034948,"2016 mural by Fernando Ayala Cuellar and Heidi Schork in Jamaica Plain, Massachusetts",Untitled,Point(-71.11450875 42.305488064),"128 South St. Jamaica Plain, MA 02130",,,,2016,,,mural,Fernando Ayala Cuellar; Heidi Schork,Jamaica Plain,,
http://www.wikidata.org/entity/Q112583596,"2001 ornamental fence by John Tagiuri in Boston, Massachusetts",Alphabet Fence,Point(-71.1275 42.274722),"450 Poplar St, Boston, MA 02131",,,https://repository.library.northeastern.edu/downloads/neu:4f1864534?datastream_id=thumbnail_5,2001,,,fence,John Tagiuri,Roslindale,,
http://www.wikidata.org/entity/Q117717796,1997 sculpture by Blake Edwards at Northeastern University's Boston campus,Reclining Figure,Point(-71.087237122 42.338851442),"360 Huntington Ave, Boston, MA 02115",,,,1997,,bronze,sculpture,Blake Edwards,Fenway–Kenmore,,
http://www.wikidata.org/entity/Q110088823,2020 mural by Felipe Ortiz,The Heart of the Ocean,Point(-71.031987349 42.375043186),"260 Bremen St, Boston, MA 02128",,,,2020,,,mural,Felipe Ortiz,East Boston,,
http://www.wikidata.org/entity/Q107466771,1999 mural by Jameel Parker,Honor Roll Mural,Point(-71.081371685 42.340721732),"566 Columbus Avenue, Boston, MA 02118","Honor Roll, Harriet Tubman House Mural, South End Honor Roll",,https://repository.library.northeastern.edu/downloads/neu:4f185568s?datastream_id=thumbnail_5,1999,2020,acrylic paint,mural,Jameel Parker,South End,,
